dataset_id	n_cells_target	n_cells_factor	seed	ablation	elapsed_sec	full_elapsed	slowdown_vs_full	ablation_label
3CA_data__10X	1000	1k	112001	no_accel_aggregate	4.353	4.276	1.01800748362956	Aggregate off
3CA_data__10X	1000	1k	112001	no_accel_kernel	200.582	4.276	46.9087932647334	Kernel off
3CA_data__10X	1000	1k	112001	no_accel_pathway	4.394	4.276	1.02759588400374	Pathway off
3CA_data__10X	1000	1k	112002	no_accel_aggregate	3.888	4.188	0.928366762177651	Aggregate off
3CA_data__10X	1000	1k	112002	no_accel_kernel	188.903	4.188	45.1057784145177	Kernel off
3CA_data__10X	1000	1k	112002	no_accel_pathway	4.285	4.188	1.02316141356256	Pathway off
3CA_data__10X	1000	1k	112003	no_accel_aggregate	3.996	4.408	0.906533575317604	Aggregate off
3CA_data__10X	1000	1k	112003	no_accel_kernel	187.877	4.408	42.6218239564428	Kernel off
3CA_data__10X	1000	1k	112003	no_accel_pathway	4.403	4.408	0.998865698729582	Pathway off
3CA_data__10X	10000	10k	112001	no_accel_aggregate	32.969	32.519	1.0138380639011	Aggregate off
3CA_data__10X	10000	10k	112001	no_accel_kernel	476.569	32.519	14.6550939450783	Kernel off
3CA_data__10X	10000	10k	112001	no_accel_pathway	35.199	32.519	1.08241335834435	Pathway off
3CA_data__10X	10000	10k	112002	no_accel_aggregate	32.598	32.187	1.01276913039426	Aggregate off
3CA_data__10X	10000	10k	112002	no_accel_kernel	452.117	32.187	14.0465715972287	Kernel off
3CA_data__10X	10000	10k	112002	no_accel_pathway	35.45	32.187	1.10137633205953	Pathway off
3CA_data__10X	10000	10k	112003	no_accel_aggregate	32.841	29.272	1.12192538945067	Aggregate off
3CA_data__10X	10000	10k	112003	no_accel_kernel	479.005	29.272	16.3639314020224	Kernel off
3CA_data__10X	10000	10k	112003	no_accel_pathway	35.235	29.272	1.20371003006286	Pathway off
3CA_data__10X	25000	25k	112001	no_accel_aggregate	54.381	48.487	1.12155835584796	Aggregate off
3CA_data__10X	25000	25k	112001	no_accel_kernel	566.294	48.487	11.679295481263	Kernel off
3CA_data__10X	25000	25k	112001	no_accel_pathway	57.375	48.487	1.18330686575783	Pathway off
3CA_data__10X	25000	25k	112002	no_accel_aggregate	54.082	46.276	1.1686835508687	Aggregate off
3CA_data__10X	25000	25k	112002	no_accel_kernel	561.418	46.276	12.1319474457602	Kernel off
3CA_data__10X	25000	25k	112002	no_accel_pathway	57.16	46.276	1.23519751058864	Pathway off
3CA_data__10X	25000	25k	112003	no_accel_aggregate	56.044	46.531	1.20444434892867	Aggregate off
3CA_data__10X	25000	25k	112003	no_accel_kernel	579.477	46.531	12.4535685886828	Kernel off
3CA_data__10X	25000	25k	112003	no_accel_pathway	56.536	46.531	1.2150179450259	Pathway off
3CA_data__10X	5000	5k	112001	no_accel_aggregate	18.042	17.314	1.04204689846367	Aggregate off
3CA_data__10X	5000	5k	112001	no_accel_kernel	409.655	17.314	23.6603326787571	Kernel off
3CA_data__10X	5000	5k	112001	no_accel_pathway	19.912	17.314	1.15005198105579	Pathway off
3CA_data__10X	5000	5k	112002	no_accel_aggregate	16.932	16.705	1.01358874588447	Aggregate off
3CA_data__10X	5000	5k	112002	no_accel_kernel	342.715	16.705	20.5157138581263	Kernel off
3CA_data__10X	5000	5k	112002	no_accel_pathway	18.259	16.705	1.09302604010775	Pathway off
3CA_data__10X	5000	5k	112003	no_accel_aggregate	17.4	16.864	1.03178368121442	Aggregate off
3CA_data__10X	5000	5k	112003	no_accel_kernel	362.453	16.864	21.4927063567362	Kernel off
3CA_data__10X	5000	5k	112003	no_accel_pathway	18.719	16.864	1.10999762808349	Pathway off
3CA_data__10X	50000	50k	112001	no_accel_aggregate	53.425	45.715	1.16865361478727	Aggregate off
3CA_data__10X	50000	50k	112001	no_accel_kernel	585.437	45.715	12.8062342775894	Kernel off
3CA_data__10X	50000	50k	112001	no_accel_pathway	56.456	45.715	1.23495570381713	Pathway off
3CA_data__10X	50000	50k	112002	no_accel_aggregate	53.698	45.434	1.1818902143769	Aggregate off
3CA_data__10X	50000	50k	112002	no_accel_kernel	575.951	45.434	12.6766518466347	Kernel off
3CA_data__10X	50000	50k	112002	no_accel_pathway	56.284	45.434	1.23880794118942	Pathway off
3CA_data__10X	50000	50k	112003	no_accel_aggregate	54.581	46.549	1.17254935659198	Aggregate off
3CA_data__10X	50000	50k	112003	no_accel_kernel	565.839	46.549	12.1557713377301	Kernel off
3CA_data__10X	50000	50k	112003	no_accel_pathway	57.492	46.549	1.2350856087134	Pathway off
3CA_data__10X	all	all	112001	no_accel_aggregate	55.332	45.804	1.20801676709458	Aggregate off
3CA_data__10X	all	all	112001	no_accel_kernel	551.266	45.804	12.0353244258143	Kernel off
3CA_data__10X	all	all	112001	no_accel_pathway	55.637	45.804	1.21467557418566	Pathway off
3CA_data__10X	all	all	112002	no_accel_aggregate	52.257	46.037	1.13510871690162	Aggregate off
3CA_data__10X	all	all	112002	no_accel_kernel	535.783	46.037	11.6380954449682	Kernel off
3CA_data__10X	all	all	112002	no_accel_pathway	55.443	46.037	1.20431392141104	Pathway off
3CA_data__10X	all	all	112003	no_accel_aggregate	52.188	45.775	1.1400983069361	Aggregate off
3CA_data__10X	all	all	112003	no_accel_kernel	531.643	45.775	11.6142654287275	Kernel off
3CA_data__10X	all	all	112003	no_accel_pathway	55.61	45.775	1.21485527034407	Pathway off
3CA_data__EGAS00001004422	1000	1k	101001	no_accel_aggregate	3.329	3.305	1.00726172465961	Aggregate off
3CA_data__EGAS00001004422	1000	1k	101001	no_accel_kernel	164.045	3.305	49.6354009077156	Kernel off
3CA_data__EGAS00001004422	1000	1k	101001	no_accel_pathway	3.645	3.305	1.10287443267776	Pathway off
3CA_data__EGAS00001004422	1000	1k	101002	no_accel_aggregate	3.191	3.24	0.984876543209876	Aggregate off
3CA_data__EGAS00001004422	1000	1k	101002	no_accel_kernel	151.986	3.24	46.9092592592593	Kernel off
3CA_data__EGAS00001004422	1000	1k	101002	no_accel_pathway	3.51	3.24	1.08333333333333	Pathway off
3CA_data__EGAS00001004422	1000	1k	101003	no_accel_aggregate	3.311	3.347	0.989244099193307	Aggregate off
3CA_data__EGAS00001004422	1000	1k	101003	no_accel_kernel	163.641	3.347	48.8918434418883	Kernel off
3CA_data__EGAS00001004422	1000	1k	101003	no_accel_pathway	3.727	3.347	1.11353450851509	Pathway off
3CA_data__EGAS00001004422	10000	10k	101001	no_accel_aggregate	28.846	32.582	0.885335461297649	Aggregate off
3CA_data__EGAS00001004422	10000	10k	101001	no_accel_kernel	418.561	32.582	12.8463875759622	Kernel off
3CA_data__EGAS00001004422	10000	10k	101001	no_accel_pathway	30.56	32.582	0.937941194524584	Pathway off
3CA_data__EGAS00001004422	10000	10k	101002	no_accel_aggregate	28.555	32.592	0.876135247913599	Aggregate off
3CA_data__EGAS00001004422	10000	10k	101002	no_accel_kernel	409.194	32.592	12.5550441826215	Kernel off
3CA_data__EGAS00001004422	10000	10k	101002	no_accel_pathway	29.985	32.592	0.920011045655376	Pathway off
3CA_data__EGAS00001004422	10000	10k	101003	no_accel_aggregate	31.146	32.615	0.954959374520926	Aggregate off
3CA_data__EGAS00001004422	10000	10k	101003	no_accel_kernel	431.208	32.615	13.2211559098574	Kernel off
3CA_data__EGAS00001004422	10000	10k	101003	no_accel_pathway	31.449	32.615	0.96424957841484	Pathway off
3CA_data__EGAS00001004422	25000	25k	101001	no_accel_aggregate	83.834	81.19	1.03256558689494	Aggregate off
3CA_data__EGAS00001004422	25000	25k	101001	no_accel_kernel	704.968	81.19	8.68294124892228	Kernel off
3CA_data__EGAS00001004422	25000	25k	101001	no_accel_pathway	87.545	81.19	1.078273186353	Pathway off
3CA_data__EGAS00001004422	25000	25k	101002	no_accel_aggregate	82.417	81.443	1.0119592844075	Aggregate off
3CA_data__EGAS00001004422	25000	25k	101002	no_accel_kernel	704.093	81.443	8.64522426727896	Kernel off
3CA_data__EGAS00001004422	25000	25k	101002	no_accel_pathway	82.542	81.443	1.01349410016822	Pathway off
3CA_data__EGAS00001004422	25000	25k	101003	no_accel_aggregate	83.585	83.393	1.00230235151631	Aggregate off
3CA_data__EGAS00001004422	25000	25k	101003	no_accel_kernel	675.332	83.393	8.09818569903949	Kernel off
3CA_data__EGAS00001004422	25000	25k	101003	no_accel_pathway	86.667	83.393	1.03925988991882	Pathway off
3CA_data__EGAS00001004422	5000	5k	101001	no_accel_aggregate	14.582	14.864	0.981027987082885	Aggregate off
3CA_data__EGAS00001004422	5000	5k	101001	no_accel_kernel	294.213	14.864	19.793662540366	Kernel off
3CA_data__EGAS00001004422	5000	5k	101001	no_accel_pathway	15.65	14.864	1.05287944025834	Pathway off
3CA_data__EGAS00001004422	5000	5k	101002	no_accel_aggregate	14.426	14.781	0.975982680468169	Aggregate off
3CA_data__EGAS00001004422	5000	5k	101002	no_accel_kernel	307.302	14.781	20.7903389486503	Kernel off
3CA_data__EGAS00001004422	5000	5k	101002	no_accel_pathway	15.661	14.781	1.05953589067046	Pathway off
3CA_data__EGAS00001004422	5000	5k	101003	no_accel_aggregate	14.564	15.335	0.949722856211281	Aggregate off
3CA_data__EGAS00001004422	5000	5k	101003	no_accel_kernel	296.638	15.335	19.3438539289208	Kernel off
3CA_data__EGAS00001004422	5000	5k	101003	no_accel_pathway	15.649	15.335	1.02047603521356	Pathway off
3CA_data__EGAS00001004422	50000	50k	101001	no_accel_aggregate	172.627	189.977	0.908673155171416	Aggregate off
3CA_data__EGAS00001004422	50000	50k	101001	no_accel_kernel	953.961	189.977	5.02145522879085	Kernel off
3CA_data__EGAS00001004422	50000	50k	101001	no_accel_pathway	173.197	189.977	0.911673518373277	Pathway off
3CA_data__EGAS00001004422	50000	50k	101002	no_accel_aggregate	167.626	178.692	0.938072213641349	Aggregate off
3CA_data__EGAS00001004422	50000	50k	101002	no_accel_kernel	1025.46	178.692	5.73870122893023	Kernel off
3CA_data__EGAS00001004422	50000	50k	101002	no_accel_pathway	172.39	178.692	0.964732612540013	Pathway off
3CA_data__EGAS00001004422	50000	50k	101003	no_accel_aggregate	174.715	180.067	0.970277729956072	Aggregate off
3CA_data__EGAS00001004422	50000	50k	101003	no_accel_kernel	961.975	180.067	5.34231702644016	Kernel off
3CA_data__EGAS00001004422	50000	50k	101003	no_accel_pathway	175.232	180.067	0.973148883471152	Pathway off
3CA_data__EGAS00001004422	all	all	101001	no_accel_aggregate	412.064	412.201	0.999667637875697	Aggregate off
3CA_data__EGAS00001004422	all	all	101001	no_accel_kernel	1561.986	412.201	3.78937945322792	Kernel off
3CA_data__EGAS00001004422	all	all	101001	no_accel_pathway	478.53	412.201	1.16091421418192	Pathway off
3CA_data__EGAS00001004422	all	all	101002	no_accel_aggregate	429.813	427.007	1.00657132084486	Aggregate off
3CA_data__EGAS00001004422	all	all	101002	no_accel_kernel	1536.201	427.007	3.59760144447281	Kernel off
3CA_data__EGAS00001004422	all	all	101002	no_accel_pathway	478.393	427.007	1.12033994758868	Pathway off
3CA_data__EGAS00001004422	all	all	101003	no_accel_aggregate	413.128	392.184	1.05340350447749	Aggregate off
3CA_data__EGAS00001004422	all	all	101003	no_accel_kernel	1528.561	392.184	3.89756083878996	Kernel off
3CA_data__EGAS00001004422	all	all	101003	no_accel_pathway	442.098	392.184	1.12727189278502	Pathway off
3CA_data__Group1	1000	1k	108001	no_accel_aggregate	2.89	2.821	1.02445941155619	Aggregate off
3CA_data__Group1	1000	1k	108001	no_accel_kernel	90.015	2.821	31.9088975540588	Kernel off
3CA_data__Group1	1000	1k	108001	no_accel_pathway	3.044	2.821	1.07904998227579	Pathway off
3CA_data__Group1	1000	1k	108002	no_accel_aggregate	2.778	2.897	0.958923023817743	Aggregate off
3CA_data__Group1	1000	1k	108002	no_accel_kernel	79.688	2.897	27.5070762858129	Kernel off
3CA_data__Group1	1000	1k	108002	no_accel_pathway	3.093	2.897	1.06765619606489	Pathway off
3CA_data__Group1	1000	1k	108003	no_accel_aggregate	2.771	2.773	0.999278759466282	Aggregate off
3CA_data__Group1	1000	1k	108003	no_accel_kernel	83.014	2.773	29.9365308330328	Kernel off
3CA_data__Group1	1000	1k	108003	no_accel_pathway	2.978	2.773	1.07392715470609	Pathway off
3CA_data__Group1	10000	10k	108001	no_accel_aggregate	24.378	24.356	1.00090326818854	Aggregate off
3CA_data__Group1	10000	10k	108001	no_accel_kernel	207.196	24.356	8.50697979963869	Kernel off
3CA_data__Group1	10000	10k	108001	no_accel_pathway	25.074	24.356	1.02947938906224	Pathway off
3CA_data__Group1	10000	10k	108002	no_accel_aggregate	24.456	25.089	0.974769819442784	Aggregate off
3CA_data__Group1	10000	10k	108002	no_accel_kernel	212.332	25.089	8.46315118179282	Kernel off
3CA_data__Group1	10000	10k	108002	no_accel_pathway	26.214	25.089	1.04484036828889	Pathway off
3CA_data__Group1	10000	10k	108003	no_accel_aggregate	24.548	24.668	0.99513539808659	Aggregate off
3CA_data__Group1	10000	10k	108003	no_accel_kernel	200.664	24.668	8.13458731960435	Kernel off
3CA_data__Group1	10000	10k	108003	no_accel_pathway	25.302	24.668	1.02570131344252	Pathway off
3CA_data__Group1	25000	25k	108001	no_accel_aggregate	59.919	60.207	0.995216503064428	Aggregate off
3CA_data__Group1	25000	25k	108001	no_accel_kernel	301.888	60.207	5.01416778779876	Kernel off
3CA_data__Group1	25000	25k	108001	no_accel_pathway	62.349	60.207	1.03557725845832	Pathway off
3CA_data__Group1	25000	25k	108002	no_accel_aggregate	60.238	61.392	0.981202762574928	Aggregate off
3CA_data__Group1	25000	25k	108002	no_accel_kernel	293.123	61.392	4.77461232733907	Kernel off
3CA_data__Group1	25000	25k	108002	no_accel_pathway	61.684	61.392	1.0047563200417	Pathway off
3CA_data__Group1	25000	25k	108003	no_accel_aggregate	59.729	60.92	0.980449770190414	Aggregate off
3CA_data__Group1	25000	25k	108003	no_accel_kernel	284.615	60.92	4.67194681549573	Kernel off
3CA_data__Group1	25000	25k	108003	no_accel_pathway	61.722	60.92	1.01316480630335	Pathway off
3CA_data__Group1	5000	5k	108001	no_accel_aggregate	12.741	12.637	1.00822980137691	Aggregate off
3CA_data__Group1	5000	5k	108001	no_accel_kernel	166.497	12.637	13.1753580754926	Kernel off
3CA_data__Group1	5000	5k	108001	no_accel_pathway	13.452	12.637	1.06449315502097	Pathway off
3CA_data__Group1	5000	5k	108002	no_accel_aggregate	12.736	12.565	1.01360923199363	Aggregate off
3CA_data__Group1	5000	5k	108002	no_accel_kernel	162.894	12.565	12.9641066454437	Kernel off
3CA_data__Group1	5000	5k	108002	no_accel_pathway	13.303	12.565	1.05873458018305	Pathway off
3CA_data__Group1	5000	5k	108003	no_accel_aggregate	12.591	12.744	0.987994350282486	Aggregate off
3CA_data__Group1	5000	5k	108003	no_accel_kernel	170.569	12.744	13.3842592592593	Kernel off
3CA_data__Group1	5000	5k	108003	no_accel_pathway	13.211	12.744	1.036644695543	Pathway off
3CA_data__Group1	50000	50k	108001	no_accel_aggregate	64.125	67.109	0.955535025108406	Aggregate off
3CA_data__Group1	50000	50k	108001	no_accel_kernel	297.521	67.109	4.43339939501408	Kernel off
3CA_data__Group1	50000	50k	108001	no_accel_pathway	64.345	67.109	0.958813273927491	Pathway off
3CA_data__Group1	50000	50k	108002	no_accel_aggregate	63.166	66.546	0.949208066600547	Aggregate off
3CA_data__Group1	50000	50k	108002	no_accel_kernel	296.275	66.546	4.45218345204821	Kernel off
3CA_data__Group1	50000	50k	108002	no_accel_pathway	64.886	66.546	0.975054849277192	Pathway off
3CA_data__Group1	50000	50k	108003	no_accel_aggregate	64.5	64.278	1.00345374778307	Aggregate off
3CA_data__Group1	50000	50k	108003	no_accel_kernel	296.691	64.278	4.61574722300009	Kernel off
3CA_data__Group1	50000	50k	108003	no_accel_pathway	64.237	64.278	0.999362145679704	Pathway off
3CA_data__Group1	all	all	108001	no_accel_aggregate	63.278	66.657	0.949307649609193	Aggregate off
3CA_data__Group1	all	all	108001	no_accel_kernel	295.829	66.657	4.4380785213856	Kernel off
3CA_data__Group1	all	all	108001	no_accel_pathway	64.324	66.657	0.964999924989123	Pathway off
3CA_data__Group1	all	all	108002	no_accel_aggregate	63.757	66.08	0.964845641646489	Aggregate off
3CA_data__Group1	all	all	108002	no_accel_kernel	296.681	66.08	4.48972457627119	Kernel off
3CA_data__Group1	all	all	108002	no_accel_pathway	64.368	66.08	0.97409200968523	Pathway off
3CA_data__Group1	all	all	108003	no_accel_aggregate	62.938	64.716	0.972526114098523	Aggregate off
3CA_data__Group1	all	all	108003	no_accel_kernel	296.538	64.716	4.58214351937697	Kernel off
3CA_data__Group1	all	all	108003	no_accel_pathway	64.485	64.716	0.996430558130911	Pathway off
3CA_data__Group2	1000	1k	106001	no_accel_aggregate	4.244	4.393	0.966082403824266	Aggregate off
3CA_data__Group2	1000	1k	106001	no_accel_kernel	146.266	4.393	33.2952424311405	Kernel off
3CA_data__Group2	1000	1k	106001	no_accel_pathway	4.318	4.393	0.982927384475302	Pathway off
3CA_data__Group2	1000	1k	106002	no_accel_aggregate	4.225	4.341	0.973278046533057	Aggregate off
3CA_data__Group2	1000	1k	106002	no_accel_kernel	157.303	4.341	36.2365814328496	Kernel off
3CA_data__Group2	1000	1k	106002	no_accel_pathway	4.511	4.341	1.03916148352914	Pathway off
3CA_data__Group2	1000	1k	106003	no_accel_aggregate	4.09	4.362	0.937643282897753	Aggregate off
3CA_data__Group2	1000	1k	106003	no_accel_kernel	147.75	4.362	33.8720770288858	Kernel off
3CA_data__Group2	1000	1k	106003	no_accel_pathway	4.458	4.362	1.02200825309491	Pathway off
3CA_data__Group2	10000	10k	106001	no_accel_aggregate	36.955	38.509	0.959645797086395	Aggregate off
3CA_data__Group2	10000	10k	106001	no_accel_kernel	431.183	38.509	11.1969409748371	Kernel off
3CA_data__Group2	10000	10k	106001	no_accel_pathway	38.567	38.509	1.00150614142149	Pathway off
3CA_data__Group2	10000	10k	106002	no_accel_aggregate	38.186	38.274	0.997700789047395	Aggregate off
3CA_data__Group2	10000	10k	106002	no_accel_kernel	410.038	38.274	10.7132256884569	Kernel off
3CA_data__Group2	10000	10k	106002	no_accel_pathway	39.569	38.274	1.03383497935936	Pathway off
3CA_data__Group2	10000	10k	106003	no_accel_aggregate	39.331	38.037	1.03401950732182	Aggregate off
3CA_data__Group2	10000	10k	106003	no_accel_kernel	425.332	38.037	11.1820595735731	Kernel off
3CA_data__Group2	10000	10k	106003	no_accel_pathway	39.766	38.037	1.04545574046323	Pathway off
3CA_data__Group2	25000	25k	106001	no_accel_aggregate	100.626	94.677	1.06283469057955	Aggregate off
3CA_data__Group2	25000	25k	106001	no_accel_kernel	588.514	94.677	6.21601867401798	Kernel off
3CA_data__Group2	25000	25k	106001	no_accel_pathway	99.067	94.677	1.0463681781214	Pathway off
3CA_data__Group2	25000	25k	106002	no_accel_aggregate	95.105	94.359	1.00790597611251	Aggregate off
3CA_data__Group2	25000	25k	106002	no_accel_kernel	589.147	94.359	6.24367574900116	Kernel off
3CA_data__Group2	25000	25k	106002	no_accel_pathway	96.432	94.359	1.02196928750835	Pathway off
3CA_data__Group2	25000	25k	106003	no_accel_aggregate	99.6	94.683	1.0519311808878	Aggregate off
3CA_data__Group2	25000	25k	106003	no_accel_kernel	571.156	94.683	6.03229724448951	Kernel off
3CA_data__Group2	25000	25k	106003	no_accel_pathway	97.191	94.683	1.02648838756693	Pathway off
3CA_data__Group2	5000	5k	106001	no_accel_aggregate	19.713	19.412	1.01550587265609	Aggregate off
3CA_data__Group2	5000	5k	106001	no_accel_kernel	312.137	19.412	16.0795899443643	Kernel off
3CA_data__Group2	5000	5k	106001	no_accel_pathway	20.389	19.412	1.05032969297342	Pathway off
3CA_data__Group2	5000	5k	106002	no_accel_aggregate	20.075	19.711	1.0184668459236	Aggregate off
3CA_data__Group2	5000	5k	106002	no_accel_kernel	309.376	19.711	15.6956014408198	Kernel off
3CA_data__Group2	5000	5k	106002	no_accel_pathway	20.836	19.711	1.05707472984628	Pathway off
3CA_data__Group2	5000	5k	106003	no_accel_aggregate	19.587	19.478	1.00559605709005	Aggregate off
3CA_data__Group2	5000	5k	106003	no_accel_kernel	296.082	19.478	15.2008419755622	Kernel off
3CA_data__Group2	5000	5k	106003	no_accel_pathway	20.452	19.478	1.05000513399733	Pathway off
3CA_data__Group2	50000	50k	106001	no_accel_aggregate	108.353	108.862	0.99532435560618	Aggregate off
3CA_data__Group2	50000	50k	106001	no_accel_kernel	611.173	108.862	5.61419962888795	Kernel off
3CA_data__Group2	50000	50k	106001	no_accel_pathway	108.989	108.862	1.001166614613	Pathway off
3CA_data__Group2	50000	50k	106002	no_accel_aggregate	108.368	113.43	0.955373358018161	Aggregate off
3CA_data__Group2	50000	50k	106002	no_accel_kernel	606.342	113.43	5.34551705897911	Kernel off
3CA_data__Group2	50000	50k	106002	no_accel_pathway	109.709	113.43	0.967195627259103	Pathway off
3CA_data__Group2	50000	50k	106003	no_accel_aggregate	107.849	113.91	0.946791326485822	Aggregate off
3CA_data__Group2	50000	50k	106003	no_accel_kernel	611.183	113.91	5.36549029935914	Kernel off
3CA_data__Group2	50000	50k	106003	no_accel_pathway	108.282	113.91	0.950592573084014	Pathway off
3CA_data__Group2	all	all	106001	no_accel_aggregate	107.842	109.482	0.985020368645074	Aggregate off
3CA_data__Group2	all	all	106001	no_accel_kernel	620.32	109.482	5.66595422078515	Kernel off
3CA_data__Group2	all	all	106001	no_accel_pathway	110.849	109.482	1.01248607076962	Pathway off
3CA_data__Group2	all	all	106002	no_accel_aggregate	109.725	109.214	1.00467888732214	Aggregate off
3CA_data__Group2	all	all	106002	no_accel_kernel	605.899	109.214	5.54781438277144	Kernel off
3CA_data__Group2	all	all	106002	no_accel_pathway	109.649	109.214	1.00398300584174	Pathway off
3CA_data__Group2	all	all	106003	no_accel_aggregate	108.514	108.681	0.998463392865358	Aggregate off
3CA_data__Group2	all	all	106003	no_accel_kernel	605.442	108.681	5.57081734617827	Kernel off
3CA_data__Group2	all	all	106003	no_accel_pathway	110.98	108.681	1.02115365151222	Pathway off
3CA_data__PRJNA289244	1000	1k	107001	no_accel_aggregate	6.696	6.465	1.03573085846868	Aggregate off
3CA_data__PRJNA289244	1000	1k	107001	no_accel_kernel	163.5	6.465	25.2900232018562	Kernel off
3CA_data__PRJNA289244	1000	1k	107001	no_accel_pathway	7.078	6.465	1.09481825212684	Pathway off
3CA_data__PRJNA289244	1000	1k	107002	no_accel_aggregate	6.619	6.185	1.07016976556184	Aggregate off
3CA_data__PRJNA289244	1000	1k	107002	no_accel_kernel	172.504	6.185	27.8907033144705	Kernel off
3CA_data__PRJNA289244	1000	1k	107002	no_accel_pathway	6.879	6.185	1.11220695230396	Pathway off
3CA_data__PRJNA289244	1000	1k	107003	no_accel_aggregate	6.596	6.766	0.974874371859297	Aggregate off
3CA_data__PRJNA289244	1000	1k	107003	no_accel_kernel	167.416	6.766	24.7437185929648	Kernel off
3CA_data__PRJNA289244	1000	1k	107003	no_accel_pathway	6.787	6.766	1.00310375406444	Pathway off
3CA_data__PRJNA289244	10000	10k	107001	no_accel_aggregate	24.571	24.988	0.983311989755082	Aggregate off
3CA_data__PRJNA289244	10000	10k	107001	no_accel_kernel	238.749	24.988	9.55454618216744	Kernel off
3CA_data__PRJNA289244	10000	10k	107001	no_accel_pathway	24.426	24.988	0.977509204418121	Pathway off
3CA_data__PRJNA289244	10000	10k	107002	no_accel_aggregate	24.136	24.017	1.00495482366657	Aggregate off
3CA_data__PRJNA289244	10000	10k	107002	no_accel_kernel	235.918	24.017	9.82295873756089	Kernel off
3CA_data__PRJNA289244	10000	10k	107002	no_accel_pathway	24.466	24.017	1.01869509097722	Pathway off
3CA_data__PRJNA289244	10000	10k	107003	no_accel_aggregate	24.264	24.213	1.00210630652955	Aggregate off
3CA_data__PRJNA289244	10000	10k	107003	no_accel_kernel	234.968	24.213	9.7042084830463	Kernel off
3CA_data__PRJNA289244	10000	10k	107003	no_accel_pathway	24.581	24.213	1.01519844711519	Pathway off
3CA_data__PRJNA289244	25000	25k	107001	no_accel_aggregate	24.201	25.301	0.956523457570847	Aggregate off
3CA_data__PRJNA289244	25000	25k	107001	no_accel_kernel	235.101	25.301	9.29216236512391	Kernel off
3CA_data__PRJNA289244	25000	25k	107001	no_accel_pathway	24.685	25.301	0.975653136239674	Pathway off
3CA_data__PRJNA289244	25000	25k	107002	no_accel_aggregate	24.759	24.14	1.02564208782104	Aggregate off
3CA_data__PRJNA289244	25000	25k	107002	no_accel_kernel	239.057	24.14	9.90294117647059	Kernel off
3CA_data__PRJNA289244	25000	25k	107002	no_accel_pathway	24.535	24.14	1.01636288318144	Pathway off
3CA_data__PRJNA289244	25000	25k	107003	no_accel_aggregate	24.204	24.438	0.990424748342745	Aggregate off
3CA_data__PRJNA289244	25000	25k	107003	no_accel_kernel	236.177	24.438	9.66433423357067	Kernel off
3CA_data__PRJNA289244	25000	25k	107003	no_accel_pathway	24.465	24.438	1.00110483672968	Pathway off
3CA_data__PRJNA289244	5000	5k	107001	no_accel_aggregate	24.985	24.395	1.02418528386965	Aggregate off
3CA_data__PRJNA289244	5000	5k	107001	no_accel_kernel	233.913	24.395	9.58856323017012	Kernel off
3CA_data__PRJNA289244	5000	5k	107001	no_accel_pathway	24.573	24.395	1.00729657716745	Pathway off
3CA_data__PRJNA289244	5000	5k	107002	no_accel_aggregate	24.049	24.479	0.982433922954369	Aggregate off
3CA_data__PRJNA289244	5000	5k	107002	no_accel_kernel	235.749	24.479	9.63066301728012	Kernel off
3CA_data__PRJNA289244	5000	5k	107002	no_accel_pathway	24.475	24.479	0.999836594632134	Pathway off
3CA_data__PRJNA289244	5000	5k	107003	no_accel_aggregate	23.992	24.217	0.990709006070116	Aggregate off
3CA_data__PRJNA289244	5000	5k	107003	no_accel_kernel	236.737	24.217	9.77565346657307	Kernel off
3CA_data__PRJNA289244	5000	5k	107003	no_accel_pathway	24.479	24.217	1.01081884626502	Pathway off
3CA_data__PRJNA289244	50000	50k	107001	no_accel_aggregate	24.158	24.257	0.995918703879293	Aggregate off
3CA_data__PRJNA289244	50000	50k	107001	no_accel_kernel	237.474	24.257	9.78991631281692	Kernel off
3CA_data__PRJNA289244	50000	50k	107001	no_accel_pathway	24.643	24.257	1.01591293234942	Pathway off
3CA_data__PRJNA289244	50000	50k	107002	no_accel_aggregate	24.205	24.246	0.998308999422585	Aggregate off
3CA_data__PRJNA289244	50000	50k	107002	no_accel_kernel	236.033	24.246	9.73492534851109	Kernel off
3CA_data__PRJNA289244	50000	50k	107002	no_accel_pathway	24.605	24.246	1.01480656603151	Pathway off
3CA_data__PRJNA289244	50000	50k	107003	no_accel_aggregate	24.142	24.006	1.00566525035408	Aggregate off
3CA_data__PRJNA289244	50000	50k	107003	no_accel_kernel	236.228	24.006	9.84037324002333	Kernel off
3CA_data__PRJNA289244	50000	50k	107003	no_accel_pathway	24.345	24.006	1.01412146963259	Pathway off
3CA_data__PRJNA289244	all	all	107001	no_accel_aggregate	24.387	24.344	1.0017663489977	Aggregate off
3CA_data__PRJNA289244	all	all	107001	no_accel_kernel	237.09	24.344	9.7391554387118	Kernel off
3CA_data__PRJNA289244	all	all	107001	no_accel_pathway	24.863	24.344	1.0213194216234	Pathway off
3CA_data__PRJNA289244	all	all	107002	no_accel_aggregate	24.53	24.183	1.01434892279701	Aggregate off
3CA_data__PRJNA289244	all	all	107002	no_accel_kernel	235.561	24.183	9.74076830831576	Kernel off
3CA_data__PRJNA289244	all	all	107002	no_accel_pathway	24.922	24.183	1.03055865690775	Pathway off
3CA_data__PRJNA289244	all	all	107003	no_accel_aggregate	24.36	24.222	1.00569729997523	Aggregate off
3CA_data__PRJNA289244	all	all	107003	no_accel_kernel	233.865	24.222	9.65506564280406	Kernel off
3CA_data__PRJNA289244	all	all	107003	no_accel_pathway	24.622	24.222	1.01651391297168	Pathway off
3CA_data__PRJNA395045	1000	1k	102001	no_accel_aggregate	4.638	4.715	0.983669141039237	Aggregate off
3CA_data__PRJNA395045	1000	1k	102001	no_accel_kernel	217.591	4.715	46.1486744432662	Kernel off
3CA_data__PRJNA395045	1000	1k	102001	no_accel_pathway	4.973	4.715	1.05471898197243	Pathway off
3CA_data__PRJNA395045	1000	1k	102002	no_accel_aggregate	4.819	5.128	0.939742589703588	Aggregate off
3CA_data__PRJNA395045	1000	1k	102002	no_accel_kernel	231.783	5.128	45.1994929797192	Kernel off
3CA_data__PRJNA395045	1000	1k	102002	no_accel_pathway	5.207	5.128	1.01540561622465	Pathway off
3CA_data__PRJNA395045	1000	1k	102003	no_accel_aggregate	4.986	5.026	0.992041384799045	Aggregate off
3CA_data__PRJNA395045	1000	1k	102003	no_accel_kernel	257.975	5.026	51.3280939116594	Kernel off
3CA_data__PRJNA395045	1000	1k	102003	no_accel_pathway	5.54	5.026	1.10226820533227	Pathway off
3CA_data__PRJNA395045	10000	10k	102001	no_accel_aggregate	38.102	38.441	0.991181290809292	Aggregate off
3CA_data__PRJNA395045	10000	10k	102001	no_accel_kernel	429.432	38.441	11.171197419422	Kernel off
3CA_data__PRJNA395045	10000	10k	102001	no_accel_pathway	41.055	38.441	1.0680003121667	Pathway off
3CA_data__PRJNA395045	10000	10k	102002	no_accel_aggregate	38.62	38.887	0.993133952220536	Aggregate off
3CA_data__PRJNA395045	10000	10k	102002	no_accel_kernel	403.559	38.887	10.3777354900095	Kernel off
3CA_data__PRJNA395045	10000	10k	102002	no_accel_pathway	40.039	38.887	1.02962429603724	Pathway off
3CA_data__PRJNA395045	10000	10k	102003	no_accel_aggregate	37.571	39.653	0.947494514916904	Aggregate off
3CA_data__PRJNA395045	10000	10k	102003	no_accel_kernel	437.101	39.653	11.0231508334804	Kernel off
3CA_data__PRJNA395045	10000	10k	102003	no_accel_pathway	39.121	39.653	0.986583612841399	Pathway off
3CA_data__PRJNA395045	25000	25k	102001	no_accel_aggregate	96.273	97.049	0.992004039196694	Aggregate off
3CA_data__PRJNA395045	25000	25k	102001	no_accel_kernel	626.71	97.049	6.45766571525724	Kernel off
3CA_data__PRJNA395045	25000	25k	102001	no_accel_pathway	99.081	97.049	1.02093787674268	Pathway off
3CA_data__PRJNA395045	25000	25k	102002	no_accel_aggregate	94.156	96.092	0.979852641218832	Aggregate off
3CA_data__PRJNA395045	25000	25k	102002	no_accel_kernel	643.512	96.092	6.69683220247263	Kernel off
3CA_data__PRJNA395045	25000	25k	102002	no_accel_pathway	95.576	96.092	0.994630146109978	Pathway off
3CA_data__PRJNA395045	25000	25k	102003	no_accel_aggregate	98.289	93.962	1.04605053106575	Aggregate off
3CA_data__PRJNA395045	25000	25k	102003	no_accel_kernel	611.284	93.962	6.50565122070624	Kernel off
3CA_data__PRJNA395045	25000	25k	102003	no_accel_pathway	101.861	93.962	1.08406589898044	Pathway off
3CA_data__PRJNA395045	5000	5k	102001	no_accel_aggregate	23.7	20.048	1.18216280925778	Aggregate off
3CA_data__PRJNA395045	5000	5k	102001	no_accel_kernel	326.383	20.048	16.2800778132482	Kernel off
3CA_data__PRJNA395045	5000	5k	102001	no_accel_pathway	26.421	20.048	1.31788707102953	Pathway off
3CA_data__PRJNA395045	5000	5k	102002	no_accel_aggregate	25.391	20.008	1.26904238304678	Aggregate off
3CA_data__PRJNA395045	5000	5k	102002	no_accel_kernel	348.458	20.008	17.4159336265494	Kernel off
3CA_data__PRJNA395045	5000	5k	102002	no_accel_pathway	31.684	20.008	1.58356657337065	Pathway off
3CA_data__PRJNA395045	5000	5k	102003	no_accel_aggregate	19.95	20.025	0.99625468164794	Aggregate off
3CA_data__PRJNA395045	5000	5k	102003	no_accel_kernel	338.22	20.025	16.8898876404494	Kernel off
3CA_data__PRJNA395045	5000	5k	102003	no_accel_pathway	28.417	20.025	1.41907615480649	Pathway off
3CA_data__PRJNA395045	50000	50k	102001	no_accel_aggregate	205.853	210.534	0.977766061538754	Aggregate off
3CA_data__PRJNA395045	50000	50k	102001	no_accel_kernel	985.008	210.534	4.67861723047109	Kernel off
3CA_data__PRJNA395045	50000	50k	102001	no_accel_pathway	209.39	210.534	0.994566198333761	Pathway off
3CA_data__PRJNA395045	50000	50k	102002	no_accel_aggregate	214.293	203.474	1.05317141256377	Aggregate off
3CA_data__PRJNA395045	50000	50k	102002	no_accel_kernel	973.075	203.474	4.78230633889342	Kernel off
3CA_data__PRJNA395045	50000	50k	102002	no_accel_pathway	212.945	203.474	1.04654648751192	Pathway off
3CA_data__PRJNA395045	50000	50k	102003	no_accel_aggregate	195.566	205.318	0.952502946648613	Aggregate off
3CA_data__PRJNA395045	50000	50k	102003	no_accel_kernel	983.081	205.318	4.78808969500969	Kernel off
3CA_data__PRJNA395045	50000	50k	102003	no_accel_pathway	207.604	205.318	1.01113394831432	Pathway off
3CA_data__PRJNA395045	all	all	102001	no_accel_aggregate	240.454	231.195	1.04004844395424	Aggregate off
3CA_data__PRJNA395045	all	all	102001	no_accel_kernel	1135.599	231.195	4.91186660611172	Kernel off
3CA_data__PRJNA395045	all	all	102001	no_accel_pathway	256.148	231.195	1.10793053482991	Pathway off
3CA_data__PRJNA395045	all	all	102002	no_accel_aggregate	263.154	239.438	1.09904860548451	Aggregate off
3CA_data__PRJNA395045	all	all	102002	no_accel_kernel	1152.844	239.438	4.81479130296778	Kernel off
3CA_data__PRJNA395045	all	all	102002	no_accel_pathway	254.549	239.438	1.0631102832466	Pathway off
3CA_data__PRJNA395045	all	all	102003	no_accel_aggregate	250.264	242.261	1.03303461968703	Aggregate off
3CA_data__PRJNA395045	all	all	102003	no_accel_kernel	1113.383	242.261	4.59579957153648	Kernel off
3CA_data__PRJNA395045	all	all	102003	no_accel_pathway	257.609	242.261	1.06335316043441	Pathway off
3CA_data__PRJNA490728	1000	1k	105001	no_accel_aggregate	6.541	6.522	1.00291321680466	Aggregate off
3CA_data__PRJNA490728	1000	1k	105001	no_accel_kernel	262.923	6.522	40.3132474701012	Kernel off
3CA_data__PRJNA490728	1000	1k	105001	no_accel_pathway	7.329	6.522	1.12373505059798	Pathway off
3CA_data__PRJNA490728	1000	1k	105002	no_accel_aggregate	6.373	6.702	0.950910176066846	Aggregate off
3CA_data__PRJNA490728	1000	1k	105002	no_accel_kernel	253.242	6.702	37.7860340196956	Kernel off
3CA_data__PRJNA490728	1000	1k	105002	no_accel_pathway	6.995	6.702	1.04371829304685	Pathway off
3CA_data__PRJNA490728	1000	1k	105003	no_accel_aggregate	6.119	6.078	1.00674564001316	Aggregate off
3CA_data__PRJNA490728	1000	1k	105003	no_accel_kernel	236.355	6.078	38.8869693978282	Kernel off
3CA_data__PRJNA490728	1000	1k	105003	no_accel_pathway	6.826	6.078	1.12306679828891	Pathway off
3CA_data__PRJNA490728	10000	10k	105001	no_accel_aggregate	45.451	45.699	0.994573185408871	Aggregate off
3CA_data__PRJNA490728	10000	10k	105001	no_accel_kernel	532.689	45.699	11.6564695069914	Kernel off
3CA_data__PRJNA490728	10000	10k	105001	no_accel_pathway	48.301	45.699	1.05693778857305	Pathway off
3CA_data__PRJNA490728	10000	10k	105002	no_accel_aggregate	45.89	45.763	1.00277516771191	Aggregate off
3CA_data__PRJNA490728	10000	10k	105002	no_accel_kernel	524.613	45.763	11.4636933767454	Kernel off
3CA_data__PRJNA490728	10000	10k	105002	no_accel_pathway	48.29	45.763	1.05521928195267	Pathway off
3CA_data__PRJNA490728	10000	10k	105003	no_accel_aggregate	45.592	46.171	0.98745966082606	Aggregate off
3CA_data__PRJNA490728	10000	10k	105003	no_accel_kernel	523.641	46.171	11.3413398020402	Kernel off
3CA_data__PRJNA490728	10000	10k	105003	no_accel_pathway	48.129	46.171	1.04240757185246	Pathway off
3CA_data__PRJNA490728	25000	25k	105001	no_accel_aggregate	46.648	46.19	1.00991556613986	Aggregate off
3CA_data__PRJNA490728	25000	25k	105001	no_accel_kernel	524.915	46.19	11.3642563325395	Kernel off
3CA_data__PRJNA490728	25000	25k	105001	no_accel_pathway	48.685	46.19	1.05401602078372	Pathway off
3CA_data__PRJNA490728	25000	25k	105002	no_accel_aggregate	45.828	45.933	0.997714061785644	Aggregate off
3CA_data__PRJNA490728	25000	25k	105002	no_accel_kernel	520.09	45.933	11.3227962467072	Kernel off
3CA_data__PRJNA490728	25000	25k	105002	no_accel_pathway	48.586	45.933	1.05775803888272	Pathway off
3CA_data__PRJNA490728	25000	25k	105003	no_accel_aggregate	45.539	45.671	0.997109763307131	Aggregate off
3CA_data__PRJNA490728	25000	25k	105003	no_accel_kernel	522.424	45.671	11.4388561669331	Kernel off
3CA_data__PRJNA490728	25000	25k	105003	no_accel_pathway	48.396	45.671	1.05966587112172	Pathway off
3CA_data__PRJNA490728	5000	5k	105001	no_accel_aggregate	27.228	27.318	0.99670546892159	Aggregate off
3CA_data__PRJNA490728	5000	5k	105001	no_accel_kernel	438.792	27.318	16.0623764550846	Kernel off
3CA_data__PRJNA490728	5000	5k	105001	no_accel_pathway	29.306	27.318	1.07277253093199	Pathway off
3CA_data__PRJNA490728	5000	5k	105002	no_accel_aggregate	27.499	27.418	1.00295426362244	Aggregate off
3CA_data__PRJNA490728	5000	5k	105002	no_accel_kernel	447.117	27.418	16.3074257786855	Kernel off
3CA_data__PRJNA490728	5000	5k	105002	no_accel_pathway	29.619	27.418	1.08027573127143	Pathway off
3CA_data__PRJNA490728	5000	5k	105003	no_accel_aggregate	27.511	27.245	1.00976325931364	Aggregate off
3CA_data__PRJNA490728	5000	5k	105003	no_accel_kernel	450.97	27.245	16.5523949348504	Kernel off
3CA_data__PRJNA490728	5000	5k	105003	no_accel_pathway	30.01	27.245	1.10148651128647	Pathway off
3CA_data__PRJNA490728	50000	50k	105001	no_accel_aggregate	45.894	45.587	1.00673437602825	Aggregate off
3CA_data__PRJNA490728	50000	50k	105001	no_accel_kernel	529.488	45.587	11.6148902099283	Kernel off
3CA_data__PRJNA490728	50000	50k	105001	no_accel_pathway	48.585	45.587	1.06576436264725	Pathway off
3CA_data__PRJNA490728	50000	50k	105002	no_accel_aggregate	45.536	45.844	0.993281563563389	Aggregate off
3CA_data__PRJNA490728	50000	50k	105002	no_accel_kernel	524.247	45.844	11.4354550213768	Kernel off
3CA_data__PRJNA490728	50000	50k	105002	no_accel_pathway	48.42	45.844	1.05619055928802	Pathway off
3CA_data__PRJNA490728	50000	50k	105003	no_accel_aggregate	45.914	45.368	1.01203491447716	Aggregate off
3CA_data__PRJNA490728	50000	50k	105003	no_accel_kernel	525.992	45.368	11.5938987832834	Kernel off
3CA_data__PRJNA490728	50000	50k	105003	no_accel_pathway	48.344	45.368	1.06559689649092	Pathway off
3CA_data__PRJNA490728	all	all	105001	no_accel_aggregate	45.428	45.662	0.994875388725855	Aggregate off
3CA_data__PRJNA490728	all	all	105001	no_accel_kernel	532.315	45.662	11.6577241469931	Kernel off
3CA_data__PRJNA490728	all	all	105001	no_accel_pathway	48.381	45.662	1.05954623100171	Pathway off
3CA_data__PRJNA490728	all	all	105002	no_accel_aggregate	45.442	45.91	0.989806142452625	Aggregate off
3CA_data__PRJNA490728	all	all	105002	no_accel_kernel	524.519	45.91	11.424940100196	Kernel off
3CA_data__PRJNA490728	all	all	105002	no_accel_pathway	48.269	45.91	1.0513831409279	Pathway off
3CA_data__PRJNA490728	all	all	105003	no_accel_aggregate	45.688	46.613	0.980155750541694	Aggregate off
3CA_data__PRJNA490728	all	all	105003	no_accel_kernel	524.214	46.613	11.2460901465256	Kernel off
3CA_data__PRJNA490728	all	all	105003	no_accel_pathway	49.355	46.613	1.05882479136722	Pathway off
3CA_data__PRJNA593551	1000	1k	109001	no_accel_aggregate	6.712	6.823	0.983731496409204	Aggregate off
3CA_data__PRJNA593551	1000	1k	109001	no_accel_kernel	278.166	6.823	40.7688699985344	Kernel off
3CA_data__PRJNA593551	1000	1k	109001	no_accel_pathway	7.256	6.823	1.06346182031365	Pathway off
3CA_data__PRJNA593551	1000	1k	109002	no_accel_aggregate	6.67	6.536	1.02050183598531	Aggregate off
3CA_data__PRJNA593551	1000	1k	109002	no_accel_kernel	285.302	6.536	43.6508567931457	Kernel off
3CA_data__PRJNA593551	1000	1k	109002	no_accel_pathway	7.262	6.536	1.11107711138311	Pathway off
3CA_data__PRJNA593551	1000	1k	109003	no_accel_aggregate	6.77	6.519	1.03850283785857	Aggregate off
3CA_data__PRJNA593551	1000	1k	109003	no_accel_kernel	267.812	6.519	41.0817610062893	Kernel off
3CA_data__PRJNA593551	1000	1k	109003	no_accel_pathway	7.218	6.519	1.1072250345145	Pathway off
3CA_data__PRJNA593551	10000	10k	109001	no_accel_aggregate	35.769	35.975	0.994273801250869	Aggregate off
3CA_data__PRJNA593551	10000	10k	109001	no_accel_kernel	452.773	35.975	12.5857678943711	Kernel off
3CA_data__PRJNA593551	10000	10k	109001	no_accel_pathway	37.328	35.975	1.03760945100764	Pathway off
3CA_data__PRJNA593551	10000	10k	109002	no_accel_aggregate	35.603	36.643	0.971618044374096	Aggregate off
3CA_data__PRJNA593551	10000	10k	109002	no_accel_kernel	448.067	36.643	12.2279016456076	Kernel off
3CA_data__PRJNA593551	10000	10k	109002	no_accel_pathway	38.598	36.643	1.05335261850831	Pathway off
3CA_data__PRJNA593551	10000	10k	109003	no_accel_aggregate	36.095	36.041	1.00149829361006	Aggregate off
3CA_data__PRJNA593551	10000	10k	109003	no_accel_kernel	448.961	36.041	12.4569518048889	Kernel off
3CA_data__PRJNA593551	10000	10k	109003	no_accel_pathway	37.436	36.041	1.03870591825976	Pathway off
3CA_data__PRJNA593551	25000	25k	109001	no_accel_aggregate	35.943	36.087	0.996009643361875	Aggregate off
3CA_data__PRJNA593551	25000	25k	109001	no_accel_kernel	449.648	36.087	12.4601102890237	Kernel off
3CA_data__PRJNA593551	25000	25k	109001	no_accel_pathway	38.096	36.087	1.05567101726383	Pathway off
3CA_data__PRJNA593551	25000	25k	109002	no_accel_aggregate	35.943	36.187	0.99325724707768	Aggregate off
3CA_data__PRJNA593551	25000	25k	109002	no_accel_kernel	454.27	36.187	12.5534031558294	Kernel off
3CA_data__PRJNA593551	25000	25k	109002	no_accel_pathway	37.397	36.187	1.03343742227872	Pathway off
3CA_data__PRJNA593551	25000	25k	109003	no_accel_aggregate	35.71	35.854	0.995983711719752	Aggregate off
3CA_data__PRJNA593551	25000	25k	109003	no_accel_kernel	451.365	35.854	12.5889719417638	Kernel off
3CA_data__PRJNA593551	25000	25k	109003	no_accel_pathway	37.524	35.854	1.04657778769454	Pathway off
3CA_data__PRJNA593551	5000	5k	109001	no_accel_aggregate	27.196	27.157	1.0014360938248	Aggregate off
3CA_data__PRJNA593551	5000	5k	109001	no_accel_kernel	399.638	27.157	14.7158375372832	Kernel off
3CA_data__PRJNA593551	5000	5k	109001	no_accel_pathway	28.509	27.157	1.04978458592628	Pathway off
3CA_data__PRJNA593551	5000	5k	109002	no_accel_aggregate	27.456	27.1	1.01313653136531	Aggregate off
3CA_data__PRJNA593551	5000	5k	109002	no_accel_kernel	405.85	27.1	14.9760147601476	Kernel off
3CA_data__PRJNA593551	5000	5k	109002	no_accel_pathway	28.553	27.1	1.05361623616236	Pathway off
3CA_data__PRJNA593551	5000	5k	109003	no_accel_aggregate	27.087	27.297	0.992306846906253	Aggregate off
3CA_data__PRJNA593551	5000	5k	109003	no_accel_kernel	417.453	27.297	15.2929992306847	Kernel off
3CA_data__PRJNA593551	5000	5k	109003	no_accel_pathway	28.69	27.297	1.05103124885519	Pathway off
3CA_data__PRJNA593551	50000	50k	109001	no_accel_aggregate	35.767	35.952	0.99485425011126	Aggregate off
3CA_data__PRJNA593551	50000	50k	109001	no_accel_kernel	446.792	35.952	12.4274588340009	Kernel off
3CA_data__PRJNA593551	50000	50k	109001	no_accel_pathway	37.348	35.952	1.03882955051179	Pathway off
3CA_data__PRJNA593551	50000	50k	109002	no_accel_aggregate	36.025	35.932	1.00258822219748	Aggregate off
3CA_data__PRJNA593551	50000	50k	109002	no_accel_kernel	450.485	35.932	12.5371535121897	Kernel off
3CA_data__PRJNA593551	50000	50k	109002	no_accel_pathway	37.669	35.932	1.04834131136591	Pathway off
3CA_data__PRJNA593551	50000	50k	109003	no_accel_aggregate	35.807	35.809	0.999944148119188	Aggregate off
3CA_data__PRJNA593551	50000	50k	109003	no_accel_kernel	451.673	35.809	12.6133932810187	Kernel off
3CA_data__PRJNA593551	50000	50k	109003	no_accel_pathway	37.544	35.809	1.04845150660448	Pathway off
3CA_data__PRJNA593551	all	all	109001	no_accel_aggregate	35.95	36.095	0.995982823105693	Aggregate off
3CA_data__PRJNA593551	all	all	109001	no_accel_kernel	452.254	36.095	12.5295470286743	Kernel off
3CA_data__PRJNA593551	all	all	109001	no_accel_pathway	37.087	36.095	1.02748303089071	Pathway off
3CA_data__PRJNA593551	all	all	109002	no_accel_aggregate	35.377	35.677	0.991591221234969	Aggregate off
3CA_data__PRJNA593551	all	all	109002	no_accel_kernel	451.27	35.677	12.6487653109847	Kernel off
3CA_data__PRJNA593551	all	all	109002	no_accel_pathway	37.633	35.677	1.054825237548	Pathway off
3CA_data__PRJNA593551	all	all	109003	no_accel_aggregate	35.503	35.93	0.988115780684665	Aggregate off
3CA_data__PRJNA593551	all	all	109003	no_accel_kernel	449.186	35.93	12.5016977456165	Kernel off
3CA_data__PRJNA593551	all	all	109003	no_accel_pathway	37.532	35.93	1.04458669635402	Pathway off
3CA_data__PRJNA638151	1000	1k	103001	no_accel_aggregate	4.386	4.373	1.00297278756003	Aggregate off
3CA_data__PRJNA638151	1000	1k	103001	no_accel_kernel	219.201	4.373	50.1260004573519	Kernel off
3CA_data__PRJNA638151	1000	1k	103001	no_accel_pathway	4.994	4.373	1.14200777498285	Pathway off
3CA_data__PRJNA638151	1000	1k	103002	no_accel_aggregate	4.472	4.47	1.00044742729307	Aggregate off
3CA_data__PRJNA638151	1000	1k	103002	no_accel_kernel	236.407	4.47	52.8874720357942	Kernel off
3CA_data__PRJNA638151	1000	1k	103002	no_accel_pathway	5.125	4.47	1.14653243847875	Pathway off
3CA_data__PRJNA638151	1000	1k	103003	no_accel_aggregate	4.496	4.806	0.935497295047857	Aggregate off
3CA_data__PRJNA638151	1000	1k	103003	no_accel_kernel	234.563	4.806	48.8062838119018	Kernel off
3CA_data__PRJNA638151	1000	1k	103003	no_accel_pathway	5.125	4.806	1.06637536412817	Pathway off
3CA_data__PRJNA638151	10000	10k	103001	no_accel_aggregate	36.052	35.397	1.01850439302766	Aggregate off
3CA_data__PRJNA638151	10000	10k	103001	no_accel_kernel	475.836	35.397	13.4428341384863	Kernel off
3CA_data__PRJNA638151	10000	10k	103001	no_accel_pathway	37.303	35.397	1.0538463711614	Pathway off
3CA_data__PRJNA638151	10000	10k	103002	no_accel_aggregate	35.672	35.064	1.01733972165184	Aggregate off
3CA_data__PRJNA638151	10000	10k	103002	no_accel_kernel	476.287	35.064	13.5833618526124	Kernel off
3CA_data__PRJNA638151	10000	10k	103002	no_accel_pathway	37.339	35.064	1.06488135979922	Pathway off
3CA_data__PRJNA638151	10000	10k	103003	no_accel_aggregate	35.216	35.711	0.986138724762678	Aggregate off
3CA_data__PRJNA638151	10000	10k	103003	no_accel_kernel	481.127	35.711	13.4727954971857	Kernel off
3CA_data__PRJNA638151	10000	10k	103003	no_accel_pathway	37.27	35.711	1.0436560163535	Pathway off
3CA_data__PRJNA638151	25000	25k	103001	no_accel_aggregate	90.838	92.175	0.985494982370491	Aggregate off
3CA_data__PRJNA638151	25000	25k	103001	no_accel_kernel	677.287	92.175	7.34783835096284	Kernel off
3CA_data__PRJNA638151	25000	25k	103001	no_accel_pathway	93.982	92.175	1.01960401410361	Pathway off
3CA_data__PRJNA638151	25000	25k	103002	no_accel_aggregate	87.938	88.439	0.994335078415631	Aggregate off
3CA_data__PRJNA638151	25000	25k	103002	no_accel_kernel	683.686	88.439	7.73059396872421	Kernel off
3CA_data__PRJNA638151	25000	25k	103002	no_accel_pathway	91.301	88.439	1.03236128857178	Pathway off
3CA_data__PRJNA638151	25000	25k	103003	no_accel_aggregate	87.328	88.765	0.983811186841661	Aggregate off
3CA_data__PRJNA638151	25000	25k	103003	no_accel_kernel	679.62	88.765	7.65639610206726	Kernel off
3CA_data__PRJNA638151	25000	25k	103003	no_accel_pathway	89.603	88.765	1.00944065791697	Pathway off
3CA_data__PRJNA638151	5000	5k	103001	no_accel_aggregate	18.117	18.73	0.96727175654031	Aggregate off
3CA_data__PRJNA638151	5000	5k	103001	no_accel_kernel	333.923	18.73	17.8282434596903	Kernel off
3CA_data__PRJNA638151	5000	5k	103001	no_accel_pathway	19.381	18.73	1.03475707421249	Pathway off
3CA_data__PRJNA638151	5000	5k	103002	no_accel_aggregate	19.03	18.45	1.03143631436314	Aggregate off
3CA_data__PRJNA638151	5000	5k	103002	no_accel_kernel	369.136	18.45	20.0073712737127	Kernel off
3CA_data__PRJNA638151	5000	5k	103002	no_accel_pathway	20.423	18.45	1.10693766937669	Pathway off
3CA_data__PRJNA638151	5000	5k	103003	no_accel_aggregate	18.591	18.69	0.994703049759229	Aggregate off
3CA_data__PRJNA638151	5000	5k	103003	no_accel_kernel	339.994	18.69	18.1912252541466	Kernel off
3CA_data__PRJNA638151	5000	5k	103003	no_accel_pathway	19.514	18.69	1.04408774745853	Pathway off
3CA_data__PRJNA638151	50000	50k	103001	no_accel_aggregate	195.209	184.244	1.05951347126636	Aggregate off
3CA_data__PRJNA638151	50000	50k	103001	no_accel_kernel	1013.929	184.244	5.50318599248822	Kernel off
3CA_data__PRJNA638151	50000	50k	103001	no_accel_pathway	192.668	184.244	1.04572197737783	Pathway off
3CA_data__PRJNA638151	50000	50k	103002	no_accel_aggregate	182.761	178.603	1.02328068397507	Aggregate off
3CA_data__PRJNA638151	50000	50k	103002	no_accel_kernel	1036.554	178.603	5.80367631002839	Kernel off
3CA_data__PRJNA638151	50000	50k	103002	no_accel_pathway	192.559	178.603	1.07813978488603	Pathway off
3CA_data__PRJNA638151	50000	50k	103003	no_accel_aggregate	188.632	181.718	1.0380479644284	Aggregate off
3CA_data__PRJNA638151	50000	50k	103003	no_accel_kernel	1043.324	181.718	5.74144553649061	Kernel off
3CA_data__PRJNA638151	50000	50k	103003	no_accel_pathway	184.902	181.718	1.01752165443159	Pathway off
3CA_data__PRJNA638151	all	all	103001	no_accel_aggregate	271.725	241.104	1.12700328488951	Aggregate off
3CA_data__PRJNA638151	all	all	103001	no_accel_kernel	1208.615	241.104	5.01283678412635	Kernel off
3CA_data__PRJNA638151	all	all	103001	no_accel_pathway	258.038	241.104	1.07023525117792	Pathway off
3CA_data__PRJNA638151	all	all	103002	no_accel_aggregate	254.489	244.521	1.04076541483145	Aggregate off
3CA_data__PRJNA638151	all	all	103002	no_accel_kernel	1231.394	244.521	5.03594374307319	Kernel off
3CA_data__PRJNA638151	all	all	103002	no_accel_pathway	253.059	244.521	1.03491724637148	Pathway off
3CA_data__PRJNA638151	all	all	103003	no_accel_aggregate	250.425	247.387	1.01228035426275	Aggregate off
3CA_data__PRJNA638151	all	all	103003	no_accel_kernel	1215.326	247.387	4.91265102855041	Kernel off
3CA_data__PRJNA638151	all	all	103003	no_accel_pathway	273.719	247.387	1.10644051627612	Pathway off
3CA_data__SmartSeq2	1000	1k	104001	no_accel_aggregate	7.26	7.068	1.02716468590832	Aggregate off
3CA_data__SmartSeq2	1000	1k	104001	no_accel_kernel	254.005	7.068	35.9373231465761	Kernel off
3CA_data__SmartSeq2	1000	1k	104001	no_accel_pathway	8.548	7.068	1.20939445387663	Pathway off
3CA_data__SmartSeq2	1000	1k	104002	no_accel_aggregate	7.513	7.11	1.05668073136428	Aggregate off
3CA_data__SmartSeq2	1000	1k	104002	no_accel_kernel	266.194	7.11	37.4393811533052	Kernel off
3CA_data__SmartSeq2	1000	1k	104002	no_accel_pathway	8.577	7.11	1.20632911392405	Pathway off
3CA_data__SmartSeq2	1000	1k	104003	no_accel_aggregate	7.139	6.99	1.02131616595136	Aggregate off
3CA_data__SmartSeq2	1000	1k	104003	no_accel_kernel	241.153	6.99	34.4997138769671	Kernel off
3CA_data__SmartSeq2	1000	1k	104003	no_accel_pathway	8.113	6.99	1.16065808297568	Pathway off
3CA_data__SmartSeq2	10000	10k	104001	no_accel_aggregate	47.867	47.785	1.00171601967145	Aggregate off
3CA_data__SmartSeq2	10000	10k	104001	no_accel_kernel	431.764	47.785	9.03555509050958	Kernel off
3CA_data__SmartSeq2	10000	10k	104001	no_accel_pathway	49.113	47.785	1.02779114784974	Pathway off
3CA_data__SmartSeq2	10000	10k	104002	no_accel_aggregate	47.986	48.322	0.993046645420305	Aggregate off
3CA_data__SmartSeq2	10000	10k	104002	no_accel_kernel	429.573	48.322	8.88980174661645	Kernel off
3CA_data__SmartSeq2	10000	10k	104002	no_accel_pathway	49.193	48.322	1.01802491618724	Pathway off
3CA_data__SmartSeq2	10000	10k	104003	no_accel_aggregate	47.851	47.821	1.00062733945338	Aggregate off
3CA_data__SmartSeq2	10000	10k	104003	no_accel_kernel	427.197	47.821	8.93325108216056	Kernel off
3CA_data__SmartSeq2	10000	10k	104003	no_accel_pathway	48.443	47.821	1.01300683800004	Pathway off
3CA_data__SmartSeq2	25000	25k	104001	no_accel_aggregate	47.786	48.321	0.988928209267192	Aggregate off
3CA_data__SmartSeq2	25000	25k	104001	no_accel_kernel	426.54	48.321	8.82721797976035	Kernel off
3CA_data__SmartSeq2	25000	25k	104001	no_accel_pathway	49.763	48.321	1.02984209763871	Pathway off
3CA_data__SmartSeq2	25000	25k	104002	no_accel_aggregate	48.115	47.899	1.00450948871584	Aggregate off
3CA_data__SmartSeq2	25000	25k	104002	no_accel_kernel	428.839	47.899	8.95298440468486	Kernel off
3CA_data__SmartSeq2	25000	25k	104002	no_accel_pathway	48.71	47.899	1.01693145994697	Pathway off
3CA_data__SmartSeq2	25000	25k	104003	no_accel_aggregate	47.863	47.832	1.00064810168925	Aggregate off
3CA_data__SmartSeq2	25000	25k	104003	no_accel_kernel	428.446	47.832	8.9573089145342	Kernel off
3CA_data__SmartSeq2	25000	25k	104003	no_accel_pathway	48.922	47.832	1.02278809165412	Pathway off
3CA_data__SmartSeq2	5000	5k	104001	no_accel_aggregate	30.838	30.781	1.00185179168968	Aggregate off
3CA_data__SmartSeq2	5000	5k	104001	no_accel_kernel	371.891	30.781	12.0818361976544	Kernel off
3CA_data__SmartSeq2	5000	5k	104001	no_accel_pathway	31.755	30.781	1.03164289659205	Pathway off
3CA_data__SmartSeq2	5000	5k	104002	no_accel_aggregate	30.857	30.976	0.996158316115702	Aggregate off
3CA_data__SmartSeq2	5000	5k	104002	no_accel_kernel	394.852	30.976	12.7470299586777	Kernel off
3CA_data__SmartSeq2	5000	5k	104002	no_accel_pathway	31.694	30.976	1.02317923553719	Pathway off
3CA_data__SmartSeq2	5000	5k	104003	no_accel_aggregate	31.033	30.726	1.00999153811105	Aggregate off
3CA_data__SmartSeq2	5000	5k	104003	no_accel_kernel	373.047	30.726	12.1410857254443	Kernel off
3CA_data__SmartSeq2	5000	5k	104003	no_accel_pathway	32.602	30.726	1.06105578337564	Pathway off
3CA_data__SmartSeq2	50000	50k	104001	no_accel_aggregate	47.231	48.644	0.970952224323658	Aggregate off
3CA_data__SmartSeq2	50000	50k	104001	no_accel_kernel	424.316	48.644	8.72288463119809	Kernel off
3CA_data__SmartSeq2	50000	50k	104001	no_accel_pathway	49.759	48.644	1.02292163473399	Pathway off
3CA_data__SmartSeq2	50000	50k	104002	no_accel_aggregate	47.811	48.029	0.995461075600158	Aggregate off
3CA_data__SmartSeq2	50000	50k	104002	no_accel_kernel	418.683	48.029	8.71729580045389	Kernel off
3CA_data__SmartSeq2	50000	50k	104002	no_accel_pathway	48.807	48.029	1.01619854671136	Pathway off
3CA_data__SmartSeq2	50000	50k	104003	no_accel_aggregate	47.594	48.045	0.990612967010095	Aggregate off
3CA_data__SmartSeq2	50000	50k	104003	no_accel_kernel	416.538	48.045	8.66974711208242	Kernel off
3CA_data__SmartSeq2	50000	50k	104003	no_accel_pathway	49.122	48.045	1.02241648454574	Pathway off
3CA_data__SmartSeq2	all	all	104001	no_accel_aggregate	47.458	48.256	0.983463196286472	Aggregate off
3CA_data__SmartSeq2	all	all	104001	no_accel_kernel	428.432	48.256	8.87831564986738	Kernel off
3CA_data__SmartSeq2	all	all	104001	no_accel_pathway	48.824	48.256	1.01177055702918	Pathway off
3CA_data__SmartSeq2	all	all	104002	no_accel_aggregate	47.278	48.422	0.976374375283962	Aggregate off
3CA_data__SmartSeq2	all	all	104002	no_accel_kernel	432.547	48.422	8.93286109619594	Kernel off
3CA_data__SmartSeq2	all	all	104002	no_accel_pathway	48.561	48.422	1.00287059601008	Pathway off
3CA_data__SmartSeq2	all	all	104003	no_accel_aggregate	47.972	47.551	1.00885365186852	Aggregate off
3CA_data__SmartSeq2	all	all	104003	no_accel_kernel	425.443	47.551	8.94708838930832	Kernel off
3CA_data__SmartSeq2	all	all	104003	no_accel_pathway	48.627	47.551	1.02262833589199	Pathway off
normal_control__Sample5	1000	1k	111001	no_accel_aggregate	3.623	3.61	1.00360110803324	Aggregate off
normal_control__Sample5	1000	1k	111001	no_accel_kernel	131.097	3.61	36.3149584487535	Kernel off
normal_control__Sample5	1000	1k	111001	no_accel_pathway	3.722	3.61	1.03102493074792	Pathway off
normal_control__Sample5	1000	1k	111002	no_accel_aggregate	3.513	3.787	0.927647214153684	Aggregate off
normal_control__Sample5	1000	1k	111002	no_accel_kernel	119.02	3.787	31.4285714285714	Kernel off
normal_control__Sample5	1000	1k	111002	no_accel_pathway	3.718	3.787	0.981779772907315	Pathway off
normal_control__Sample5	1000	1k	111003	no_accel_aggregate	3.557	3.685	0.965264586160109	Aggregate off
normal_control__Sample5	1000	1k	111003	no_accel_kernel	118.938	3.685	32.2762550881954	Kernel off
normal_control__Sample5	1000	1k	111003	no_accel_pathway	3.601	3.685	0.977204884667571	Pathway off
normal_control__Sample5	10000	10k	111001	no_accel_aggregate	32.665	31.488	1.03737931910569	Aggregate off
normal_control__Sample5	10000	10k	111001	no_accel_kernel	326.884	31.488	10.3812245934959	Kernel off
normal_control__Sample5	10000	10k	111001	no_accel_pathway	34.25	31.488	1.08771595528455	Pathway off
normal_control__Sample5	10000	10k	111002	no_accel_aggregate	31.966	32.076	0.996570644718793	Aggregate off
normal_control__Sample5	10000	10k	111002	no_accel_kernel	325.088	32.076	10.134929542337	Kernel off
normal_control__Sample5	10000	10k	111002	no_accel_pathway	31.948	32.076	0.996009477490959	Pathway off
normal_control__Sample5	10000	10k	111003	no_accel_aggregate	30.612	30.775	0.994703493095045	Aggregate off
normal_control__Sample5	10000	10k	111003	no_accel_kernel	282.351	30.775	9.17468724614135	Kernel off
normal_control__Sample5	10000	10k	111003	no_accel_pathway	31.346	30.775	1.01855402112104	Pathway off
normal_control__Sample5	25000	25k	111001	no_accel_aggregate	74.021	74.251	0.996902398620894	Aggregate off
normal_control__Sample5	25000	25k	111001	no_accel_kernel	460.13	74.251	6.19695357638281	Kernel off
normal_control__Sample5	25000	25k	111001	no_accel_pathway	74.497	74.251	1.00331308669244	Pathway off
normal_control__Sample5	25000	25k	111002	no_accel_aggregate	73.818	76.294	0.9675465960626	Aggregate off
normal_control__Sample5	25000	25k	111002	no_accel_kernel	463.295	76.294	6.07249587123496	Kernel off
normal_control__Sample5	25000	25k	111002	no_accel_pathway	74.507	76.294	0.976577450389284	Pathway off
normal_control__Sample5	25000	25k	111003	no_accel_aggregate	73.828	75.123	0.982761604302278	Aggregate off
normal_control__Sample5	25000	25k	111003	no_accel_kernel	462.295	75.123	6.15384103403751	Kernel off
normal_control__Sample5	25000	25k	111003	no_accel_pathway	74.86	75.123	0.996499074850578	Pathway off
normal_control__Sample5	5000	5k	111001	no_accel_aggregate	16.143	16.184	0.997466633712308	Aggregate off
normal_control__Sample5	5000	5k	111001	no_accel_kernel	217.531	16.184	13.4411146811666	Kernel off
normal_control__Sample5	5000	5k	111001	no_accel_pathway	16.548	16.184	1.02249134948097	Pathway off
normal_control__Sample5	5000	5k	111002	no_accel_aggregate	16.148	16.318	0.989582056624586	Aggregate off
normal_control__Sample5	5000	5k	111002	no_accel_kernel	223.971	16.318	13.7253952690281	Kernel off
normal_control__Sample5	5000	5k	111002	no_accel_pathway	16.798	16.318	1.02941536953058	Pathway off
normal_control__Sample5	5000	5k	111003	no_accel_aggregate	16.73	16.481	1.0151083065348	Aggregate off
normal_control__Sample5	5000	5k	111003	no_accel_kernel	242.823	16.481	14.7335113160609	Kernel off
normal_control__Sample5	5000	5k	111003	no_accel_pathway	17.114	16.481	1.03840786360051	Pathway off
normal_control__Sample5	50000	50k	111001	no_accel_aggregate	74.534	74.065	1.00633227570377	Aggregate off
normal_control__Sample5	50000	50k	111001	no_accel_kernel	466.483	74.065	6.298292040775	Kernel off
normal_control__Sample5	50000	50k	111001	no_accel_pathway	74.164	74.065	1.00133666374131	Pathway off
normal_control__Sample5	50000	50k	111002	no_accel_aggregate	73.995	74.56	0.992422210300429	Aggregate off
normal_control__Sample5	50000	50k	111002	no_accel_kernel	463.549	74.56	6.21712714592275	Kernel off
normal_control__Sample5	50000	50k	111002	no_accel_pathway	74.905	74.56	1.00462714592275	Pathway off
normal_control__Sample5	50000	50k	111003	no_accel_aggregate	74.337	74.655	0.995740405866988	Aggregate off
normal_control__Sample5	50000	50k	111003	no_accel_kernel	461.751	74.655	6.18513160538477	Kernel off
normal_control__Sample5	50000	50k	111003	no_accel_pathway	74.311	74.655	0.995392137164289	Pathway off
normal_control__Sample5	all	all	111001	no_accel_aggregate	76.74	74.315	1.03263136648052	Aggregate off
normal_control__Sample5	all	all	111001	no_accel_kernel	469.663	74.315	6.31989504137792	Kernel off
normal_control__Sample5	all	all	111001	no_accel_pathway	75.302	74.315	1.01328130256341	Pathway off
normal_control__Sample5	all	all	111002	no_accel_aggregate	73.122	72.992	1.00178101709776	Aggregate off
normal_control__Sample5	all	all	111002	no_accel_kernel	470.871	72.992	6.45099462954844	Kernel off
normal_control__Sample5	all	all	111002	no_accel_pathway	74.073	72.992	1.01480984217448	Pathway off
normal_control__Sample5	all	all	111003	no_accel_aggregate	74.698	73.944	1.01019690576653	Aggregate off
normal_control__Sample5	all	all	111003	no_accel_kernel	468.916	73.944	6.34150167694472	Kernel off
normal_control__Sample5	all	all	111003	no_accel_pathway	74.967	73.944	1.01383479389809	Pathway off
normal_control__Sample8	1000	1k	110001	no_accel_aggregate	3.732	3.679	1.01440608861104	Aggregate off
normal_control__Sample8	1000	1k	110001	no_accel_kernel	136.74	3.679	37.1677086164719	Kernel off
normal_control__Sample8	1000	1k	110001	no_accel_pathway	3.827	3.679	1.04022832291384	Pathway off
normal_control__Sample8	1000	1k	110002	no_accel_aggregate	3.748	3.531	1.06145567827811	Aggregate off
normal_control__Sample8	1000	1k	110002	no_accel_kernel	122.128	3.531	34.5873690172756	Kernel off
normal_control__Sample8	1000	1k	110002	no_accel_pathway	3.74	3.531	1.05919003115265	Pathway off
normal_control__Sample8	1000	1k	110003	no_accel_aggregate	3.675	3.847	0.955289836236028	Aggregate off
normal_control__Sample8	1000	1k	110003	no_accel_kernel	122.925	3.847	31.953470236548	Kernel off
normal_control__Sample8	1000	1k	110003	no_accel_pathway	3.948	3.847	1.0262542240707	Pathway off
normal_control__Sample8	10000	10k	110001	no_accel_aggregate	32.217	32.347	0.995981080161993	Aggregate off
normal_control__Sample8	10000	10k	110001	no_accel_kernel	308.554	32.347	9.53887532074072	Kernel off
normal_control__Sample8	10000	10k	110001	no_accel_pathway	33.397	32.347	1.0324605063839	Pathway off
normal_control__Sample8	10000	10k	110002	no_accel_aggregate	32.202	33.412	0.963785466299533	Aggregate off
normal_control__Sample8	10000	10k	110002	no_accel_kernel	303.282	33.412	9.0770381898719	Kernel off
normal_control__Sample8	10000	10k	110002	no_accel_pathway	32.376	33.412	0.968993176104394	Pathway off
normal_control__Sample8	10000	10k	110003	no_accel_aggregate	32.33	33.654	0.9606584655613	Aggregate off
normal_control__Sample8	10000	10k	110003	no_accel_kernel	316.492	33.654	9.40429072324241	Kernel off
normal_control__Sample8	10000	10k	110003	no_accel_pathway	32.381	33.654	0.962173887205087	Pathway off
normal_control__Sample8	25000	25k	110001	no_accel_aggregate	86.748	88.52	0.979981924988703	Aggregate off
normal_control__Sample8	25000	25k	110001	no_accel_kernel	448.69	88.52	5.06879801174876	Kernel off
normal_control__Sample8	25000	25k	110001	no_accel_pathway	84.863	88.52	0.958687302304564	Pathway off
normal_control__Sample8	25000	25k	110002	no_accel_aggregate	84.095	97.586	0.861752710429775	Aggregate off
normal_control__Sample8	25000	25k	110002	no_accel_kernel	454.51	97.586	4.65753284282582	Kernel off
normal_control__Sample8	25000	25k	110002	no_accel_pathway	84.411	97.586	0.864990879839321	Pathway off
normal_control__Sample8	25000	25k	110003	no_accel_aggregate	84.67	85.729	0.987647120577634	Aggregate off
normal_control__Sample8	25000	25k	110003	no_accel_kernel	470.197	85.729	5.48469012819466	Kernel off
normal_control__Sample8	25000	25k	110003	no_accel_pathway	85.611	85.729	0.998623569620549	Pathway off
normal_control__Sample8	5000	5k	110001	no_accel_aggregate	16.486	16.992	0.970221280602637	Aggregate off
normal_control__Sample8	5000	5k	110001	no_accel_kernel	230.292	16.992	13.5529661016949	Kernel off
normal_control__Sample8	5000	5k	110001	no_accel_pathway	16.786	16.992	0.987876647834275	Pathway off
normal_control__Sample8	5000	5k	110002	no_accel_aggregate	16.868	16.683	1.01108913265	Aggregate off
normal_control__Sample8	5000	5k	110002	no_accel_kernel	241.201	16.683	14.4578912665588	Kernel off
normal_control__Sample8	5000	5k	110002	no_accel_pathway	17.591	16.683	1.05442666187137	Pathway off
normal_control__Sample8	5000	5k	110003	no_accel_aggregate	17.005	16.755	1.01492091912862	Aggregate off
normal_control__Sample8	5000	5k	110003	no_accel_kernel	217.225	16.755	12.9647866308565	Kernel off
normal_control__Sample8	5000	5k	110003	no_accel_pathway	17.315	16.755	1.03342285884811	Pathway off
normal_control__Sample8	50000	50k	110001	no_accel_aggregate	84.044	90.361	0.930091521784841	Aggregate off
normal_control__Sample8	50000	50k	110001	no_accel_kernel	460.864	90.361	5.10025342791691	Kernel off
normal_control__Sample8	50000	50k	110001	no_accel_pathway	87.955	90.361	0.973373468642445	Pathway off
normal_control__Sample8	50000	50k	110002	no_accel_aggregate	83.91	84.002	0.998904787981239	Aggregate off
normal_control__Sample8	50000	50k	110002	no_accel_kernel	466.423	84.002	5.55252255898669	Kernel off
normal_control__Sample8	50000	50k	110002	no_accel_pathway	87.304	84.002	1.03930858789076	Pathway off
normal_control__Sample8	50000	50k	110003	no_accel_aggregate	85.011	87.767	0.968598676039969	Aggregate off
normal_control__Sample8	50000	50k	110003	no_accel_kernel	454.935	87.767	5.18344024519466	Kernel off
normal_control__Sample8	50000	50k	110003	no_accel_pathway	85.897	87.767	0.978693586427701	Pathway off
normal_control__Sample8	all	all	110001	no_accel_aggregate	85.099	89.993	0.945617992510529	Aggregate off
normal_control__Sample8	all	all	110001	no_accel_kernel	453.234	89.993	5.0363250475037	Kernel off
normal_control__Sample8	all	all	110001	no_accel_pathway	86.009	89.993	0.955729890102564	Pathway off
normal_control__Sample8	all	all	110002	no_accel_aggregate	89.242	86.727	1.02899904297393	Aggregate off
normal_control__Sample8	all	all	110002	no_accel_kernel	466.774	86.727	5.38210707161553	Kernel off
normal_control__Sample8	all	all	110002	no_accel_pathway	87.114	86.727	1.00446227818326	Pathway off
normal_control__Sample8	all	all	110003	no_accel_aggregate	88.066	86.745	1.0152285434319	Aggregate off
normal_control__Sample8	all	all	110003	no_accel_kernel	446.864	86.745	5.15146694333967	Kernel off
normal_control__Sample8	all	all	110003	no_accel_pathway	89.333	86.745	1.02983457259784	Pathway off
