dataset_root	sample_id	kind	bytes	human_size	path	parent
3CA_data	Exp_data_TPM	mtx	4208537265	3.9GB	/home/dzf/share/3CA_data/EGAS00001004422/Exp_data_TPM.mtx	/home/dzf/share/3CA_data/EGAS00001004422
3CA_data	Exp_data_UMIcounts	mtx	2398853961	2.2GB	/home/dzf/share/3CA_data/PRJNA395045/Exp_data_UMIcounts.mtx	/home/dzf/share/3CA_data/PRJNA395045
3CA_data	Exp_data_UMIcounts	mtx	2231128084	2.1GB	/home/dzf/share/3CA_data/PRJNA638151/Exp_data_UMIcounts.mtx	/home/dzf/share/3CA_data/PRJNA638151
normal_control	Muscle_website	h5ad	2126554330	2.0GB	/home/dzf/share/normal_control/RMS_normal/Muscle_website.h5ad	/home/dzf/share/normal_control/RMS_normal
3CA_data	Exp_data_UMIcounts2	mtx	1264163620	1.2GB	/home/dzf/share/3CA_data/PRJNA543322/Group2/Exp_data_UMIcounts2.mtx	/home/dzf/share/3CA_data/PRJNA543322/Group2
3CA_data	Exp_data_TPM	mtx	1193074291	1.1GB	/home/dzf/share/3CA_data/PRJNA490728/Exp_data_TPM.mtx	/home/dzf/share/3CA_data/PRJNA490728
3CA_data	Exp_data_TPM	mtx	1158364833	1.1GB	/home/dzf/share/3CA_data/PRJNA330719/SmartSeq2/Exp_data_TPM.mtx	/home/dzf/share/3CA_data/PRJNA330719/SmartSeq2
3CA_data	Exp_data_UMIcounts1	mtx	929511116	886.5MB	/home/dzf/share/3CA_data/PRJNA543322/Group1/Exp_data_UMIcounts1.mtx	/home/dzf/share/3CA_data/PRJNA543322/Group1
normal_control	GSM8607152_Hemizygous_4_couts	csv	838376324	799.5MB	/home/dzf/share/normal_control/PRJNA1180995/GSM8607152/GSM8607152_Hemizygous_4_couts.csv	/home/dzf/share/normal_control/PRJNA1180995/GSM8607152
normal_control	matrix	mtx	818712678	780.8MB	/home/dzf/share/normal_control/Sample8/matrix.mtx	/home/dzf/share/normal_control/Sample8
normal_control	GSM8607149_Hemizygous_1_couts	csv	808744158	771.3MB	/home/dzf/share/normal_control/PRJNA1180995/GSM8607149/GSM8607149_Hemizygous_1_couts.csv	/home/dzf/share/normal_control/PRJNA1180995/GSM8607149
normal_control	GSM8607151_Hemizygous_3_couts	csv	789611589	753.0MB	/home/dzf/share/normal_control/PRJNA1180995/GSM8607151/GSM8607151_Hemizygous_3_couts.csv	/home/dzf/share/normal_control/PRJNA1180995/GSM8607151
normal_control	GSM8607153_Hemizygous_5_couts	csv	775339981	739.4MB	/home/dzf/share/normal_control/PRJNA1180995/GSM8607153/GSM8607153_Hemizygous_5_couts.csv	/home/dzf/share/normal_control/PRJNA1180995/GSM8607153
normal_control	GSM8607156_Homozygous_3_counts	csv	737628459	703.5MB	/home/dzf/share/normal_control/PRJNA1180995/GSM8607156/GSM8607156_Homozygous_3_counts.csv	/home/dzf/share/normal_control/PRJNA1180995/GSM8607156
normal_control	matrix	mtx	710787787	677.9MB	/home/dzf/share/normal_control/Sample5/matrix.mtx	/home/dzf/share/normal_control/Sample5
normal_control	GSM8607157_Homozygous_4_counts	csv	659387302	628.8MB	/home/dzf/share/normal_control/PRJNA1180995/GSM8607157/GSM8607157_Homozygous_4_counts.csv	/home/dzf/share/normal_control/PRJNA1180995/GSM8607157
3CA_data	Exp_data_TPM	mtx	643496467	613.7MB	/home/dzf/share/3CA_data/PRJNA289244/Exp_data_TPM.mtx	/home/dzf/share/3CA_data/PRJNA289244
normal_control	PRJNA1394948	h5ad	572082048	545.6MB	/home/dzf/share/normal_control/PRJNA1394948/PRJNA1394948.h5ad	/home/dzf/share/normal_control/PRJNA1394948
3CA_data	EGAS00001004422	rds	552721033	527.1MB	/home/dzf/share/3CA_data/EGAS00001004422/EGAS00001004422.rds	/home/dzf/share/3CA_data/EGAS00001004422
normal_control	GSM8607158_Homozygous_5_counts	csv	523747933	499.5MB	/home/dzf/share/normal_control/PRJNA1180995/GSM8607158/GSM8607158_Homozygous_5_counts.csv	/home/dzf/share/normal_control/PRJNA1180995/GSM8607158
normal_control	GSM9420662_Sample2_matrix (1)	mtx	518606621	494.6MB	/home/dzf/share/normal_control/PRJNA1394948/GSM9420662_Sample2_matrix (1).mtx	/home/dzf/share/normal_control/PRJNA1394948
3CA_data	Exp_data_TPM	mtx	505371376	482.0MB	/home/dzf/share/3CA_data/PRJNA593551/Exp_data_TPM.mtx	/home/dzf/share/3CA_data/PRJNA593551
3CA_data	Exp_data_UMIcounts	mtx	502533513	479.3MB	/home/dzf/share/3CA_data/PRJNA533603/PDX/Exp_data_UMIcounts.mtx	/home/dzf/share/3CA_data/PRJNA533603/PDX
3CA_data	Exp_data_TPM	mtx	474242925	452.3MB	/home/dzf/share/3CA_data/PRJNA643322/SmartSeq2/Exp_data_TPM.mtx	/home/dzf/share/3CA_data/PRJNA643322/SmartSeq2
3CA_data	Exp_data_counts	h5ad	469150958	447.4MB	/home/dzf/share/3CA_data/PRJNA533603/PDX/Exp_data_counts.h5ad	/home/dzf/share/3CA_data/PRJNA533603/PDX
3CA_data	Exp_data_UMIcounts	mtx	455726846	434.6MB	/home/dzf/share/3CA_data/PRJNA330719/10X/Exp_data_UMIcounts.mtx	/home/dzf/share/3CA_data/PRJNA330719/10X
3CA_data	PRJNA395045	rds	436382119	416.2MB	/home/dzf/share/3CA_data/PRJNA395045/PRJNA395045.rds	/home/dzf/share/3CA_data/PRJNA395045
normal_control	GSM8607154_Homozygous_1_counts	csv	431845078	411.8MB	/home/dzf/share/normal_control/PRJNA1180995/GSM8607154/GSM8607154_Homozygous_1_counts.csv	/home/dzf/share/normal_control/PRJNA1180995/GSM8607154
normal_control	GSM8607150_Hemizygous_2_couts	csv	430397664	410.5MB	/home/dzf/share/normal_control/PRJNA1180995/GSM8607150/GSM8607150_Hemizygous_2_couts.csv	/home/dzf/share/normal_control/PRJNA1180995/GSM8607150
normal_control	output_matrix	h5ad	404424800	385.7MB	/home/dzf/share/normal_control/PRJNA1180995/GSM8607152/output_matrix.h5ad	/home/dzf/share/normal_control/PRJNA1180995/GSM8607152
3CA_data	PRJNA638151	rds	395755885	377.4MB	/home/dzf/share/3CA_data/PRJNA638151/PRJNA638151.rds	/home/dzf/share/3CA_data/PRJNA638151
normal_control	matrix	mtx	366055192	349.1MB	/home/dzf/share/normal_control/Sample7/matrix.mtx	/home/dzf/share/normal_control/Sample7
normal_control	matrix	mtx	359981785	343.3MB	/home/dzf/share/normal_control/Sample6/matrix.mtx	/home/dzf/share/normal_control/Sample6
normal_control	output_matrix	h5ad	343178352	327.3MB	/home/dzf/share/normal_control/PRJNA1180995/GSM8607153/output_matrix.h5ad	/home/dzf/share/normal_control/PRJNA1180995/GSM8607153
normal_control	output_matrix	h5ad	332074304	316.7MB	/home/dzf/share/normal_control/PRJNA1180995/GSM8607151/output_matrix.h5ad	/home/dzf/share/normal_control/PRJNA1180995/GSM8607151
normal_control	output_matrix	h5ad	308748704	294.4MB	/home/dzf/share/normal_control/PRJNA1180995/GSM8607149/output_matrix.h5ad	/home/dzf/share/normal_control/PRJNA1180995/GSM8607149
3CA_data	Exp_data_UMIcounts	mtx	300843438	286.9MB	/home/dzf/share/3CA_data/PRJNA643322/10X/Exp_data_UMIcounts.mtx	/home/dzf/share/3CA_data/PRJNA643322/10X
normal_control	output_matrix	h5ad	269015312	256.6MB	/home/dzf/share/normal_control/PRJNA1180995/GSM8607156/output_matrix.h5ad	/home/dzf/share/normal_control/PRJNA1180995/GSM8607156
3CA_data	SmartSeq2	rds	259883729	247.8MB	/home/dzf/share/3CA_data/PRJNA330719/SmartSeq2/SmartSeq2.rds	/home/dzf/share/3CA_data/PRJNA330719/SmartSeq2
normal_control	GSM8607155_Homozygous_2_counts	csv	255924916	244.1MB	/home/dzf/share/normal_control/PRJNA1180995/GSM8607155/GSM8607155_Homozygous_2_counts.csv	/home/dzf/share/normal_control/PRJNA1180995/GSM8607155
normal_control	output_matrix	h5ad	251249808	239.6MB	/home/dzf/share/normal_control/PRJNA1180995/GSM8607157/output_matrix.h5ad	/home/dzf/share/normal_control/PRJNA1180995/GSM8607157
3CA_data	normalized_Exp_data_TPM	mtx	247170440	235.7MB	/home/dzf/share/3CA_data/PRJNA330197/normalized_Exp_data_TPM.mtx	/home/dzf/share/3CA_data/PRJNA330197
normal_control	output_matrix	h5ad	242889040	231.6MB	/home/dzf/share/normal_control/PRJNA1180995/GSM8607158/output_matrix.h5ad	/home/dzf/share/normal_control/PRJNA1180995/GSM8607158
Pediatric	SCPCL000476_processed_rna	h5ad	241213005	230.0MB	/home/dzf/share/Pediatric/PedDev_ITH/data/interim/scpca_unpacked/SCPCP000005/SCPCP000005_single-cell/SCPCS000250/SCPCL000476_processed_rna.h5ad	/home/dzf/share/Pediatric/PedDev_ITH/data/interim/scpca_unpacked/SCPCP000005/SCPCP000005_single-cell/SCPCS000250
3CA_data	PRJNA490728	rds	238626568	227.6MB	/home/dzf/share/3CA_data/PRJNA490728/PRJNA490728.rds	/home/dzf/share/3CA_data/PRJNA490728
3CA_data	Exp_data_UMIcounts2	mtx	231748096	221.0MB	/home/dzf/share/3CA_data/PRJNA686093/Group2/Exp_data_UMIcounts2.mtx	/home/dzf/share/3CA_data/PRJNA686093/Group2
normal_control	output_matrix	h5ad	229221360	218.6MB	/home/dzf/share/normal_control/PRJNA1180995/GSM8607150/output_matrix.h5ad	/home/dzf/share/normal_control/PRJNA1180995/GSM8607150
normal_control	GSM6285601_N-1.matrix	mtx	213850569	203.9MB	/home/dzf/share/normal_control/PRJNA718289/GSM6285601_N-1/GSM6285601_N-1.matrix.mtx	/home/dzf/share/normal_control/PRJNA718289/GSM6285601_N-1
3CA_data	Group2	rds	213517403	203.6MB	/home/dzf/share/3CA_data/PRJNA543322/Group2/Group2.rds	/home/dzf/share/3CA_data/PRJNA543322/Group2
normal_control	output_matrix	h5ad	197179168	188.0MB	/home/dzf/share/normal_control/PRJNA1180995/GSM8607154/output_matrix.h5ad	/home/dzf/share/normal_control/PRJNA1180995/GSM8607154
normal_control	GSM6285602_N-2.matrix	mtx	186290438	177.7MB	/home/dzf/share/normal_control/PRJNA718289/GSM6285602_N-2/GSM6285602_N-2.matrix.mtx	/home/dzf/share/normal_control/PRJNA718289/GSM6285602_N-2
3CA_data	PRJNA289244	rds	165762015	158.1MB	/home/dzf/share/3CA_data/PRJNA289244/PRJNA289244.rds	/home/dzf/share/3CA_data/PRJNA289244
3CA_data	Group1	rds	164830507	157.2MB	/home/dzf/share/3CA_data/PRJNA543322/Group1/Group1.rds	/home/dzf/share/3CA_data/PRJNA543322/Group1
normal_control	matrix	mtx	155407719	148.2MB	/home/dzf/share/normal_control/NB2/matrix.mtx	/home/dzf/share/normal_control/NB2
3CA_data	PRJNA593551	rds	148674410	141.8MB	/home/dzf/share/3CA_data/PRJNA593551/PRJNA593551.rds	/home/dzf/share/3CA_data/PRJNA593551
normal_control	output_matrix	h5ad	146342496	139.6MB	/home/dzf/share/normal_control/PRJNA1180995/GSM8607155/output_matrix.h5ad	/home/dzf/share/normal_control/PRJNA1180995/GSM8607155
normal_control	Sample8	rds	142831151	136.2MB	/home/dzf/share/normal_control/seurat_rds_PRJNA871268/Sample8/Sample8.rds	/home/dzf/share/normal_control/seurat_rds_PRJNA871268/Sample8
3CA_data	SmartSeq2	rds	141186538	134.6MB	/home/dzf/share/3CA_data/PRJNA643322/SmartSeq2/SmartSeq2.rds	/home/dzf/share/3CA_data/PRJNA643322/SmartSeq2
normal_control	matrix	mtx	140794121	134.3MB	/home/dzf/share/normal_control/NB1/matrix.mtx	/home/dzf/share/normal_control/NB1
Pediatric	SCPCL000476_unfiltered_rna	h5ad	137366935	131.0MB	/home/dzf/share/Pediatric/PedDev_ITH/data/interim/scpca_unpacked/SCPCP000005/SCPCP000005_single-cell/SCPCS000250/SCPCL000476_unfiltered_rna.h5ad	/home/dzf/share/Pediatric/PedDev_ITH/data/interim/scpca_unpacked/SCPCP000005/SCPCP000005_single-cell/SCPCS000250
normal_control	GSM4648565_liver_raw_counts	h5ad	126649408	120.8MB	/home/dzf/share/normal_control/PRJNA643533/GSM4648565_liver_raw_counts.h5ad	/home/dzf/share/normal_control/PRJNA643533
normal_control	GSM4648564_adipose_raw_counts	h5ad	125127808	119.3MB	/home/dzf/share/normal_control/PRJNA643533/GSM4648564_adipose_raw_counts.h5ad	/home/dzf/share/normal_control/PRJNA643533
normal_control	Sample5	rds	124726048	118.9MB	/home/dzf/share/normal_control/seurat_rds_PRJNA871268/Sample5/Sample5.rds	/home/dzf/share/normal_control/seurat_rds_PRJNA871268/Sample5
Pediatric	SCPCL000495_processed_rna	h5ad	122008838	116.4MB	/home/dzf/share/Pediatric/PedDev_ITH/data/interim/scpca_unpacked/SCPCP000005/SCPCP000005_single-cell/SCPCS000250/SCPCL000495_processed_rna.h5ad	/home/dzf/share/Pediatric/PedDev_ITH/data/interim/scpca_unpacked/SCPCP000005/SCPCP000005_single-cell/SCPCS000250
3CA_data	10X	rds	85370230	81.4MB	/home/dzf/share/3CA_data/PRJNA330719/10X/10X.rds	/home/dzf/share/3CA_data/PRJNA330719/10X
Pediatric	SCPCL000476_filtered_rna	h5ad	81021022	77.3MB	/home/dzf/share/Pediatric/PedDev_ITH/data/interim/scpca_unpacked/SCPCP000005/SCPCP000005_single-cell/SCPCS000250/SCPCL000476_filtered_rna.h5ad	/home/dzf/share/Pediatric/PedDev_ITH/data/interim/scpca_unpacked/SCPCP000005/SCPCP000005_single-cell/SCPCS000250
normal_control	Sample6	rds	64357437	61.4MB	/home/dzf/share/normal_control/seurat_rds_PRJNA871268/Sample6/Sample6.rds	/home/dzf/share/normal_control/seurat_rds_PRJNA871268/Sample6
normal_control	Sample7	rds	63165800	60.2MB	/home/dzf/share/normal_control/seurat_rds_PRJNA871268/Sample7/Sample7.rds	/home/dzf/share/normal_control/seurat_rds_PRJNA871268/Sample7
3CA_data	10X	rds	59965188	57.2MB	/home/dzf/share/3CA_data/PRJNA643322/10X/10X.rds	/home/dzf/share/3CA_data/PRJNA643322/10X
3CA_data	Group2	rds	58249494	55.6MB	/home/dzf/share/3CA_data/PRJNA686093/Group2/Group2.rds	/home/dzf/share/3CA_data/PRJNA686093/Group2
3CA_data	Exp_data_UMIcounts	mtx	56514569	53.9MB	/home/dzf/share/3CA_data/PRJNA589287/Exp_data_UMIcounts.mtx	/home/dzf/share/3CA_data/PRJNA589287
3CA_data	Exp_data_counts	mtx	47757186	45.5MB	/home/dzf/share/3CA_data/PRJNA533603/CellLines/Exp_data_counts.mtx	/home/dzf/share/3CA_data/PRJNA533603/CellLines
Pediatric	SCPCL000495_filtered_rna	h5ad	47666192	45.5MB	/home/dzf/share/Pediatric/PedDev_ITH/data/interim/scpca_unpacked/SCPCP000005/SCPCP000005_single-cell/SCPCS000250/SCPCL000495_filtered_rna.h5ad	/home/dzf/share/Pediatric/PedDev_ITH/data/interim/scpca_unpacked/SCPCP000005/SCPCP000005_single-cell/SCPCS000250
3CA_data	PRJNA330197	rds	43873055	41.8MB	/home/dzf/share/3CA_data/PRJNA330197/PRJNA330197.rds	/home/dzf/share/3CA_data/PRJNA330197
normal_control	GSM6285601_N-1	rds	40553235	38.7MB	/home/dzf/share/normal_control/PRJNA718289/GSM6285601_N-1/GSM6285601_N-1.rds	/home/dzf/share/normal_control/PRJNA718289/GSM6285601_N-1
Pediatric	SCPCL000495_unfiltered_rna	h5ad	36798464	35.1MB	/home/dzf/share/Pediatric/PedDev_ITH/data/interim/scpca_unpacked/SCPCP000005/SCPCP000005_single-cell/SCPCS000250/SCPCL000495_unfiltered_rna.h5ad	/home/dzf/share/Pediatric/PedDev_ITH/data/interim/scpca_unpacked/SCPCP000005/SCPCP000005_single-cell/SCPCS000250
normal_control	GSM6285602_N-2	rds	35925246	34.3MB	/home/dzf/share/normal_control/PRJNA718289/GSM6285602_N-2/GSM6285602_N-2.rds	/home/dzf/share/normal_control/PRJNA718289/GSM6285602_N-2
3CA_data	Exp_data_UMIcounts1	mtx	34927736	33.3MB	/home/dzf/share/3CA_data/PRJNA686093/Group1/Exp_data_UMIcounts1.mtx	/home/dzf/share/3CA_data/PRJNA686093/Group1
normal_control	GSM9420662_Sample2_barcodes (1)	tsv	33273641	31.7MB	/home/dzf/share/normal_control/PRJNA1394948/GSM9420662_Sample2_barcodes (1).tsv	/home/dzf/share/normal_control/PRJNA1394948
normal_control	NB2	rds	30717177	29.3MB	/home/dzf/share/normal_control/seurat_rds_output_PRJNA1133021/NB2.rds	/home/dzf/share/normal_control/seurat_rds_output_PRJNA1133021
normal_control	barcodes	tsv	29760194	28.4MB	/home/dzf/share/normal_control/Sample2/barcodes.tsv	/home/dzf/share/normal_control/Sample2
normal_control	barcodes	tsv	28969547	27.6MB	/home/dzf/share/normal_control/Sample3/barcodes.tsv	/home/dzf/share/normal_control/Sample3
normal_control	NB1	rds	28285882	27.0MB	/home/dzf/share/normal_control/seurat_rds_output_PRJNA1133021/NB1.rds	/home/dzf/share/normal_control/seurat_rds_output_PRJNA1133021
normal_control	Sample2	rds	22070103	21.0MB	/home/dzf/share/normal_control/seurat_rds_PRJNA871268/Sample2/Sample2.rds	/home/dzf/share/normal_control/seurat_rds_PRJNA871268/Sample2
normal_control	Sample3	rds	21265577	20.3MB	/home/dzf/share/normal_control/seurat_rds_PRJNA871268/Sample3/Sample3.rds	/home/dzf/share/normal_control/seurat_rds_PRJNA871268/Sample3
normal_control	barcodes	tsv	19995866	19.1MB	/home/dzf/share/normal_control/Sample4/barcodes.tsv	/home/dzf/share/normal_control/Sample4
normal_control	matrix	mtx	19745785	18.8MB	/home/dzf/share/normal_control/Sample2/matrix.mtx	/home/dzf/share/normal_control/Sample2
normal_control	matrix	mtx	17853848	17.0MB	/home/dzf/share/normal_control/Sample3/matrix.mtx	/home/dzf/share/normal_control/Sample3
normal_control	barcodes	tsv	17207160	16.4MB	/home/dzf/share/normal_control/Sample1/barcodes.tsv	/home/dzf/share/normal_control/Sample1
normal_control	Sample4	rds	14546757	13.9MB	/home/dzf/share/normal_control/seurat_rds_PRJNA871268/Sample4/Sample4.rds	/home/dzf/share/normal_control/seurat_rds_PRJNA871268/Sample4
3CA_data	CellLines	rds	13451737	12.8MB	/home/dzf/share/3CA_data/PRJNA533603/CellLines/CellLines.rds	/home/dzf/share/3CA_data/PRJNA533603/CellLines
normal_control	Sample1	rds	13042748	12.4MB	/home/dzf/share/normal_control/seurat_rds_PRJNA871268/Sample1/Sample1.rds	/home/dzf/share/normal_control/seurat_rds_PRJNA871268/Sample1
normal_control	matrix	mtx	10686215	10.2MB	/home/dzf/share/normal_control/Sample4/matrix.mtx	/home/dzf/share/normal_control/Sample4
3CA_data	PRJNA589287	rds	10676352	10.2MB	/home/dzf/share/3CA_data/PRJNA589287/PRJNA589287.rds	/home/dzf/share/3CA_data/PRJNA589287
normal_control	matrix	mtx	10219242	9.7MB	/home/dzf/share/normal_control/Sample1/matrix.mtx	/home/dzf/share/normal_control/Sample1
3CA_data	Cells	csv	8509974	8.1MB	/home/dzf/share/3CA_data/PRJNA395045/Cells.csv	/home/dzf/share/3CA_data/PRJNA395045
3CA_data	Cells	csv	7110677	6.8MB	/home/dzf/share/3CA_data/PRJNA638151/Cells.csv	/home/dzf/share/3CA_data/PRJNA638151
3CA_data	Group1	rds	6402307	6.1MB	/home/dzf/share/3CA_data/PRJNA686093/Group1/Group1.rds	/home/dzf/share/3CA_data/PRJNA686093/Group1
3CA_data	Cells	csv	5521844	5.3MB	/home/dzf/share/3CA_data/EGAS00001004422/Cells.csv	/home/dzf/share/3CA_data/EGAS00001004422
3CA_data	Cells2	csv	3085076	2.9MB	/home/dzf/share/3CA_data/PRJNA543322/Group2/Cells2.csv	/home/dzf/share/3CA_data/PRJNA543322/Group2
3CA_data	Cells1	csv	2836292	2.7MB	/home/dzf/share/3CA_data/PRJNA543322/Group1/Cells1.csv	/home/dzf/share/3CA_data/PRJNA543322/Group1
3CA_data	Cells	csv	1731287	1.7MB	/home/dzf/share/3CA_data/PRJNA330719/SmartSeq2/Cells.csv	/home/dzf/share/3CA_data/PRJNA330719/SmartSeq2
normal_control	features	tsv	1479171	1.4MB	/home/dzf/share/normal_control/NB1/features.tsv	/home/dzf/share/normal_control/NB1
normal_control	features	tsv	1479171	1.4MB	/home/dzf/share/normal_control/NB2/features.tsv	/home/dzf/share/normal_control/NB2
normal_control	features	tsv	1479171	1.4MB	/home/dzf/share/normal_control/Sample5/features.tsv	/home/dzf/share/normal_control/Sample5
normal_control	features	tsv	1479171	1.4MB	/home/dzf/share/normal_control/Sample6/features.tsv	/home/dzf/share/normal_control/Sample6
normal_control	features	tsv	1479171	1.4MB	/home/dzf/share/normal_control/Sample7/features.tsv	/home/dzf/share/normal_control/Sample7
normal_control	features	tsv	1479171	1.4MB	/home/dzf/share/normal_control/Sample8/features.tsv	/home/dzf/share/normal_control/Sample8
3CA_data	Cells	csv	1331006	1.3MB	/home/dzf/share/3CA_data/PRJNA330719/10X/Cells.csv	/home/dzf/share/3CA_data/PRJNA330719/10X
normal_control	GSM6285601_N-1.genes	tsv	1314515	1.3MB	/home/dzf/share/normal_control/PRJNA718289/GSM6285601_N-1/GSM6285601_N-1.genes.tsv	/home/dzf/share/normal_control/PRJNA718289/GSM6285601_N-1
normal_control	GSM6285602_N-2.genes	tsv	1314515	1.3MB	/home/dzf/share/normal_control/PRJNA718289/GSM6285602_N-2/GSM6285602_N-2.genes.tsv	/home/dzf/share/normal_control/PRJNA718289/GSM6285602_N-2
3CA_data	Cells	csv	1166748	1.1MB	/home/dzf/share/3CA_data/PRJNA533603/PDX/Cells.csv	/home/dzf/share/3CA_data/PRJNA533603/PDX
3CA_data	Cells	csv	1088718	1.0MB	/home/dzf/share/3CA_data/PRJNA643322/10X/Cells.csv	/home/dzf/share/3CA_data/PRJNA643322/10X
3CA_data	Cells	csv	772462	754.4KB	/home/dzf/share/3CA_data/PRJNA593551/Cells.csv	/home/dzf/share/3CA_data/PRJNA593551
3CA_data	Cells	csv	723052	706.1KB	/home/dzf/share/3CA_data/PRJNA643322/SmartSeq2/Cells.csv	/home/dzf/share/3CA_data/PRJNA643322/SmartSeq2
3CA_data	Cells	csv	677327	661.5KB	/home/dzf/share/3CA_data/PRJNA490728/Cells.csv	/home/dzf/share/3CA_data/PRJNA490728
3CA_data	Cells	csv	560580	547.4KB	/home/dzf/share/3CA_data/PRJNA289244/Cells.csv	/home/dzf/share/3CA_data/PRJNA289244
normal_control	GSM4648565_liver_celltypes	csv	557401	544.3KB	/home/dzf/share/normal_control/PRJNA643533/GSM4648565_liver_celltypes.csv	/home/dzf/share/normal_control/PRJNA643533
normal_control	GSM4648564_adipose_celltypes	csv	502209	490.4KB	/home/dzf/share/normal_control/PRJNA643533/GSM4648564_adipose_celltypes.csv	/home/dzf/share/normal_control/PRJNA643533
normal_control	barcodes	tsv	473575	462.5KB	/home/dzf/share/normal_control/Sample8/barcodes.tsv	/home/dzf/share/normal_control/Sample8
normal_control	barcodes	tsv	439185	428.9KB	/home/dzf/share/normal_control/Sample5/barcodes.tsv	/home/dzf/share/normal_control/Sample5
3CA_data	Cells	csv	339246	331.3KB	/home/dzf/share/3CA_data/PRJNA330197/Cells.csv	/home/dzf/share/3CA_data/PRJNA330197
normal_control	barcodes	tsv	337250	329.3KB	/home/dzf/share/normal_control/Sample7/barcodes.tsv	/home/dzf/share/normal_control/Sample7
normal_control	GSM9420662_Sample2_features	tsv	304344	297.2KB	/home/dzf/share/normal_control/PRJNA1394948/GSM9420662_Sample2_features.tsv	/home/dzf/share/normal_control/PRJNA1394948
normal_control	barcodes	tsv	230489	225.1KB	/home/dzf/share/normal_control/Sample6/barcodes.tsv	/home/dzf/share/normal_control/Sample6
3CA_data	Cells	csv	230099	224.7KB	/home/dzf/share/3CA_data/PRJNA589287/Cells.csv	/home/dzf/share/3CA_data/PRJNA589287
3CA_data	Cells2	csv	191672	187.2KB	/home/dzf/share/3CA_data/PRJNA686093/Group2/Cells2.csv	/home/dzf/share/3CA_data/PRJNA686093/Group2
Pediatric	download_manifest_detected_selected	csv	159461	155.7KB	/home/dzf/share/Pediatric/PedDev_ITH/W2_download_QC/outputs_qc/download_manifest_detected_selected.csv	/home/dzf/share/Pediatric/PedDev_ITH/W2_download_QC/outputs_qc
normal_control	barcodes	tsv	125324	122.4KB	/home/dzf/share/normal_control/NB2/barcodes.tsv	/home/dzf/share/normal_control/NB2
normal_control	GSM6285601_N-1.barcodes	tsv	106742	104.2KB	/home/dzf/share/normal_control/PRJNA718289/GSM6285601_N-1/GSM6285601_N-1.barcodes.tsv	/home/dzf/share/normal_control/PRJNA718289/GSM6285601_N-1
3CA_data	Cells1	csv	106308	103.8KB	/home/dzf/share/3CA_data/PRJNA686093/Group1/Cells1.csv	/home/dzf/share/3CA_data/PRJNA686093/Group1
normal_control	GSM6285602_N-2.barcodes	tsv	92112	90.0KB	/home/dzf/share/normal_control/PRJNA718289/GSM6285602_N-2/GSM6285602_N-2.barcodes.tsv	/home/dzf/share/normal_control/PRJNA718289/GSM6285602_N-2
normal_control	barcodes	tsv	85386	83.4KB	/home/dzf/share/normal_control/NB1/barcodes.tsv	/home/dzf/share/normal_control/NB1
Pediatric	single-cell_metadata	tsv	46484	45.4KB	/home/dzf/share/Pediatric/PedDev_ITH/data/interim/scpca_unpacked/SCPCP000005/SCPCP000005_single-cell/single-cell_metadata.tsv	/home/dzf/share/Pediatric/PedDev_ITH/data/interim/scpca_unpacked/SCPCP000005/SCPCP000005_single-cell
3CA_data	Cells	csv	29548	28.9KB	/home/dzf/share/3CA_data/PRJNA533603/CellLines/Cells.csv	/home/dzf/share/3CA_data/PRJNA533603/CellLines
Pediatric	sample_library_qc_summary_selected	csv	19829	19.4KB	/home/dzf/share/Pediatric/PedDev_ITH/W2_download_QC/outputs_qc/sample_library_qc_summary_selected.csv	/home/dzf/share/Pediatric/PedDev_ITH/W2_download_QC/outputs_qc
3CA_data	cellchat_batch	other	15751	15.4KB	/home/dzf/share/3CA_data/cellchat_batch.R	/home/dzf/share/3CA_data
normal_control	reference_manifest_auto_filled	tsv	8061	7.9KB	/home/dzf/share/normal_control/reference_manifest_auto_filled.tsv	/home/dzf/share/normal_control
normal_control	reference_manifest_standardized	tsv	7892	7.7KB	/home/dzf/share/normal_control/reference_manifest_standardized.tsv	/home/dzf/share/normal_control
3CA_data	Samples	csv	7678	7.5KB	/home/dzf/share/3CA_data/PRJNA330719/Samples.csv	/home/dzf/share/3CA_data/PRJNA330719
normal_control	reference_manifest_filled	tsv	7451	7.3KB	/home/dzf/share/normal_control/reference_manifest_filled.tsv	/home/dzf/share/normal_control
3CA_data	Samples	csv	7115	6.9KB	/home/dzf/share/3CA_data/PRJNA490728/Samples.csv	/home/dzf/share/3CA_data/PRJNA490728
3CA_data	Samples	csv	6579	6.4KB	/home/dzf/share/3CA_data/PRJNA593551/Samples.csv	/home/dzf/share/3CA_data/PRJNA593551
3CA_data	Samples	csv	5730	5.6KB	/home/dzf/share/3CA_data/EGAS00001004422/Samples.csv	/home/dzf/share/3CA_data/EGAS00001004422
3CA_data	cellchat	other	5257	5.1KB	/home/dzf/share/3CA_data/cellchat.r	/home/dzf/share/3CA_data
3CA_data	cellchat_all	other	3780	3.7KB	/home/dzf/share/3CA_data/cellchat_all.r	/home/dzf/share/3CA_data
3CA_data	Samples	csv	3643	3.6KB	/home/dzf/share/3CA_data/PRJNA643322/Samples.csv	/home/dzf/share/3CA_data/PRJNA643322
3CA_data	Samples	csv	3631	3.5KB	/home/dzf/share/3CA_data/PRJNA543322/Samples.csv	/home/dzf/share/3CA_data/PRJNA543322
3CA_data	Samples	csv	2672	2.6KB	/home/dzf/share/3CA_data/PRJNA638151/Samples.csv	/home/dzf/share/3CA_data/PRJNA638151
3CA_data	Samples	csv	2165	2.1KB	/home/dzf/share/3CA_data/PRJNA533603/Samples.csv	/home/dzf/share/3CA_data/PRJNA533603
3CA_data	Samples	csv	2121	2.1KB	/home/dzf/share/3CA_data/PRJNA289244/Samples.csv	/home/dzf/share/3CA_data/PRJNA289244
3CA_data	Samples	csv	1302	1.3KB	/home/dzf/share/3CA_data/PRJNA330197/Samples.csv	/home/dzf/share/3CA_data/PRJNA330197
3CA_data	Samples	csv	1160	1.1KB	/home/dzf/share/3CA_data/PRJNA686093/Samples.csv	/home/dzf/share/3CA_data/PRJNA686093
Pediatric	unpack_report_selected	csv	977	977.0B	/home/dzf/share/Pediatric/PedDev_ITH/W2_download_QC/outputs_qc/unpack_report_selected.csv	/home/dzf/share/Pediatric/PedDev_ITH/W2_download_QC/outputs_qc
3CA_data	rds_gene_cell_summary	csv	964	964.0B	/home/dzf/share/3CA_data/rds_gene_cell_summary.csv	/home/dzf/share/3CA_data
3CA_data	Samples	csv	881	881.0B	/home/dzf/share/3CA_data/PRJNA589287/Samples.csv	/home/dzf/share/3CA_data/PRJNA589287
3CA_data	Samples	csv	532	532.0B	/home/dzf/share/3CA_data/PRJNA395045/Samples.csv	/home/dzf/share/3CA_data/PRJNA395045
3CA_data	cellchat_fix	other	165	165.0B	/home/dzf/share/3CA_data/cellchat_fix.R	/home/dzf/share/3CA_data
normal_control	cell_gene_summary	csv	153	153.0B	/home/dzf/share/normal_control/seurat_rds_output_PRJNA1133021/cell_gene_summary.csv	/home/dzf/share/normal_control/seurat_rds_output_PRJNA1133021
normal_control	features	tsv	86	86.0B	/home/dzf/share/normal_control/Sample1/features.tsv	/home/dzf/share/normal_control/Sample1
normal_control	features	tsv	86	86.0B	/home/dzf/share/normal_control/Sample2/features.tsv	/home/dzf/share/normal_control/Sample2
normal_control	features	tsv	86	86.0B	/home/dzf/share/normal_control/Sample3/features.tsv	/home/dzf/share/normal_control/Sample3
normal_control	features	tsv	86	86.0B	/home/dzf/share/normal_control/Sample4/features.tsv	/home/dzf/share/normal_control/Sample4
3CA_data	cellchat_batch	other	20	20.0B	/home/dzf/share/3CA_data/cellchat_batch.log	/home/dzf/share/3CA_data
