experiment_id,dataset_id,input_path,prepared_cellchat,n_cells,repeat,seed,engine,ablation,accel_algorithm,label_col
3CA_data__10X__cells-10000__rep-1__engine-both__ablation-full__algorithm-sparse_exact,3CA_data__10X,,/home/dzf/cellchat_acceleration/results/runs/checkpoints/3CA_data__10X__cells-10000__rep-1__engine-both__ablation-full/prepared_cellchat.rds,10000,1,112001,accelerated,full,sparse_exact,auto
3CA_data__10X__cells-10000__rep-2__engine-both__ablation-full__algorithm-sparse_exact,3CA_data__10X,,/home/dzf/cellchat_acceleration/results/runs/checkpoints/3CA_data__10X__cells-10000__rep-2__engine-both__ablation-full/prepared_cellchat.rds,10000,2,112002,accelerated,full,sparse_exact,auto
3CA_data__10X__cells-10000__rep-3__engine-both__ablation-full__algorithm-sparse_exact,3CA_data__10X,,/home/dzf/cellchat_acceleration/results/runs/checkpoints/3CA_data__10X__cells-10000__rep-3__engine-both__ablation-full/prepared_cellchat.rds,10000,3,112003,accelerated,full,sparse_exact,auto
3CA_data__10X__cells-1000__rep-1__engine-both__ablation-full__algorithm-sparse_exact,3CA_data__10X,,/home/dzf/cellchat_acceleration/results/runs/checkpoints/3CA_data__10X__cells-1000__rep-1__engine-both__ablation-full/prepared_cellchat.rds,1000,1,112001,accelerated,full,sparse_exact,auto
3CA_data__10X__cells-1000__rep-2__engine-both__ablation-full__algorithm-sparse_exact,3CA_data__10X,,/home/dzf/cellchat_acceleration/results/runs/checkpoints/3CA_data__10X__cells-1000__rep-2__engine-both__ablation-full/prepared_cellchat.rds,1000,2,112002,accelerated,full,sparse_exact,auto
3CA_data__10X__cells-1000__rep-3__engine-both__ablation-full__algorithm-sparse_exact,3CA_data__10X,,/home/dzf/cellchat_acceleration/results/runs/checkpoints/3CA_data__10X__cells-1000__rep-3__engine-both__ablation-full/prepared_cellchat.rds,1000,3,112003,accelerated,full,sparse_exact,auto
3CA_data__10X__cells-25000__rep-1__engine-both__ablation-full__algorithm-sparse_exact,3CA_data__10X,,/home/dzf/cellchat_acceleration/results/runs/checkpoints/3CA_data__10X__cells-25000__rep-1__engine-both__ablation-full/prepared_cellchat.rds,25000,1,112001,accelerated,full,sparse_exact,auto
3CA_data__10X__cells-25000__rep-2__engine-both__ablation-full__algorithm-sparse_exact,3CA_data__10X,,/home/dzf/cellchat_acceleration/results/runs/checkpoints/3CA_data__10X__cells-25000__rep-2__engine-both__ablation-full/prepared_cellchat.rds,25000,2,112002,accelerated,full,sparse_exact,auto
3CA_data__10X__cells-25000__rep-3__engine-both__ablation-full__algorithm-sparse_exact,3CA_data__10X,,/home/dzf/cellchat_acceleration/results/runs/checkpoints/3CA_data__10X__cells-25000__rep-3__engine-both__ablation-full/prepared_cellchat.rds,25000,3,112003,accelerated,full,sparse_exact,auto
3CA_data__10X__cells-50000__rep-1__engine-both__ablation-full__algorithm-sparse_exact,3CA_data__10X,,/home/dzf/cellchat_acceleration/results/runs/checkpoints/3CA_data__10X__cells-50000__rep-1__engine-both__ablation-full/prepared_cellchat.rds,50000,1,112001,accelerated,full,sparse_exact,auto
3CA_data__10X__cells-50000__rep-2__engine-both__ablation-full__algorithm-sparse_exact,3CA_data__10X,,/home/dzf/cellchat_acceleration/results/runs/checkpoints/3CA_data__10X__cells-50000__rep-2__engine-both__ablation-full/prepared_cellchat.rds,50000,2,112002,accelerated,full,sparse_exact,auto
3CA_data__10X__cells-50000__rep-3__engine-both__ablation-full__algorithm-sparse_exact,3CA_data__10X,,/home/dzf/cellchat_acceleration/results/runs/checkpoints/3CA_data__10X__cells-50000__rep-3__engine-both__ablation-full/prepared_cellchat.rds,50000,3,112003,accelerated,full,sparse_exact,auto
3CA_data__10X__cells-5000__rep-1__engine-both__ablation-full__algorithm-sparse_exact,3CA_data__10X,,/home/dzf/cellchat_acceleration/results/runs/checkpoints/3CA_data__10X__cells-5000__rep-1__engine-both__ablation-full/prepared_cellchat.rds,5000,1,112001,accelerated,full,sparse_exact,auto
3CA_data__10X__cells-5000__rep-2__engine-both__ablation-full__algorithm-sparse_exact,3CA_data__10X,,/home/dzf/cellchat_acceleration/results/runs/checkpoints/3CA_data__10X__cells-5000__rep-2__engine-both__ablation-full/prepared_cellchat.rds,5000,2,112002,accelerated,full,sparse_exact,auto
3CA_data__10X__cells-5000__rep-3__engine-both__ablation-full__algorithm-sparse_exact,3CA_data__10X,,/home/dzf/cellchat_acceleration/results/runs/checkpoints/3CA_data__10X__cells-5000__rep-3__engine-both__ablation-full/prepared_cellchat.rds,5000,3,112003,accelerated,full,sparse_exact,auto
3CA_data__10X__cells-all__rep-1__engine-both__ablation-full__algorithm-sparse_exact,3CA_data__10X,,/home/dzf/cellchat_acceleration/results/runs/checkpoints/3CA_data__10X__cells-all__rep-1__engine-both__ablation-full/prepared_cellchat.rds,all,1,112001,accelerated,full,sparse_exact,auto
3CA_data__10X__cells-all__rep-2__engine-both__ablation-full__algorithm-sparse_exact,3CA_data__10X,,/home/dzf/cellchat_acceleration/results/runs/checkpoints/3CA_data__10X__cells-all__rep-2__engine-both__ablation-full/prepared_cellchat.rds,all,2,112002,accelerated,full,sparse_exact,auto
3CA_data__10X__cells-all__rep-3__engine-both__ablation-full__algorithm-sparse_exact,3CA_data__10X,,/home/dzf/cellchat_acceleration/results/runs/checkpoints/3CA_data__10X__cells-all__rep-3__engine-both__ablation-full/prepared_cellchat.rds,all,3,112003,accelerated,full,sparse_exact,auto
3CA_data__EGAS00001004422__cells-10000__rep-1__engine-both__ablation-full__algorithm-sparse_exact,3CA_data__EGAS00001004422,,/home/dzf/cellchat_acceleration/results/runs/checkpoints/3CA_data__EGAS00001004422__cells-10000__rep-1__engine-both__ablation-full/prepared_cellchat.rds,10000,1,101001,accelerated,full,sparse_exact,auto
3CA_data__EGAS00001004422__cells-10000__rep-2__engine-both__ablation-full__algorithm-sparse_exact,3CA_data__EGAS00001004422,,/home/dzf/cellchat_acceleration/results/runs/checkpoints/3CA_data__EGAS00001004422__cells-10000__rep-2__engine-both__ablation-full/prepared_cellchat.rds,10000,2,101002,accelerated,full,sparse_exact,auto
3CA_data__EGAS00001004422__cells-10000__rep-3__engine-both__ablation-full__algorithm-sparse_exact,3CA_data__EGAS00001004422,,/home/dzf/cellchat_acceleration/results/runs/checkpoints/3CA_data__EGAS00001004422__cells-10000__rep-3__engine-both__ablation-full/prepared_cellchat.rds,10000,3,101003,accelerated,full,sparse_exact,auto
3CA_data__EGAS00001004422__cells-1000__rep-1__engine-both__ablation-full__algorithm-sparse_exact,3CA_data__EGAS00001004422,,/home/dzf/cellchat_acceleration/results/runs/checkpoints/3CA_data__EGAS00001004422__cells-1000__rep-1__engine-both__ablation-full/prepared_cellchat.rds,1000,1,101001,accelerated,full,sparse_exact,auto
3CA_data__EGAS00001004422__cells-1000__rep-2__engine-both__ablation-full__algorithm-sparse_exact,3CA_data__EGAS00001004422,,/home/dzf/cellchat_acceleration/results/runs/checkpoints/3CA_data__EGAS00001004422__cells-1000__rep-2__engine-both__ablation-full/prepared_cellchat.rds,1000,2,101002,accelerated,full,sparse_exact,auto
3CA_data__EGAS00001004422__cells-1000__rep-3__engine-both__ablation-full__algorithm-sparse_exact,3CA_data__EGAS00001004422,,/home/dzf/cellchat_acceleration/results/runs/checkpoints/3CA_data__EGAS00001004422__cells-1000__rep-3__engine-both__ablation-full/prepared_cellchat.rds,1000,3,101003,accelerated,full,sparse_exact,auto
3CA_data__EGAS00001004422__cells-25000__rep-1__engine-both__ablation-full__algorithm-sparse_exact,3CA_data__EGAS00001004422,,/home/dzf/cellchat_acceleration/results/runs/checkpoints/3CA_data__EGAS00001004422__cells-25000__rep-1__engine-both__ablation-full/prepared_cellchat.rds,25000,1,101001,accelerated,full,sparse_exact,auto
3CA_data__EGAS00001004422__cells-25000__rep-2__engine-both__ablation-full__algorithm-sparse_exact,3CA_data__EGAS00001004422,,/home/dzf/cellchat_acceleration/results/runs/checkpoints/3CA_data__EGAS00001004422__cells-25000__rep-2__engine-both__ablation-full/prepared_cellchat.rds,25000,2,101002,accelerated,full,sparse_exact,auto
3CA_data__EGAS00001004422__cells-25000__rep-3__engine-both__ablation-full__algorithm-sparse_exact,3CA_data__EGAS00001004422,,/home/dzf/cellchat_acceleration/results/runs/checkpoints/3CA_data__EGAS00001004422__cells-25000__rep-3__engine-both__ablation-full/prepared_cellchat.rds,25000,3,101003,accelerated,full,sparse_exact,auto
3CA_data__EGAS00001004422__cells-50000__rep-1__engine-both__ablation-full__algorithm-sparse_exact,3CA_data__EGAS00001004422,,/home/dzf/cellchat_acceleration/results/runs/checkpoints/3CA_data__EGAS00001004422__cells-50000__rep-1__engine-both__ablation-full/prepared_cellchat.rds,50000,1,101001,accelerated,full,sparse_exact,auto
3CA_data__EGAS00001004422__cells-50000__rep-2__engine-both__ablation-full__algorithm-sparse_exact,3CA_data__EGAS00001004422,,/home/dzf/cellchat_acceleration/results/runs/checkpoints/3CA_data__EGAS00001004422__cells-50000__rep-2__engine-both__ablation-full/prepared_cellchat.rds,50000,2,101002,accelerated,full,sparse_exact,auto
3CA_data__EGAS00001004422__cells-50000__rep-3__engine-both__ablation-full__algorithm-sparse_exact,3CA_data__EGAS00001004422,,/home/dzf/cellchat_acceleration/results/runs/checkpoints/3CA_data__EGAS00001004422__cells-50000__rep-3__engine-both__ablation-full/prepared_cellchat.rds,50000,3,101003,accelerated,full,sparse_exact,auto
3CA_data__EGAS00001004422__cells-5000__rep-1__engine-both__ablation-full__algorithm-sparse_exact,3CA_data__EGAS00001004422,,/home/dzf/cellchat_acceleration/results/runs/checkpoints/3CA_data__EGAS00001004422__cells-5000__rep-1__engine-both__ablation-full/prepared_cellchat.rds,5000,1,101001,accelerated,full,sparse_exact,auto
3CA_data__EGAS00001004422__cells-5000__rep-2__engine-both__ablation-full__algorithm-sparse_exact,3CA_data__EGAS00001004422,,/home/dzf/cellchat_acceleration/results/runs/checkpoints/3CA_data__EGAS00001004422__cells-5000__rep-2__engine-both__ablation-full/prepared_cellchat.rds,5000,2,101002,accelerated,full,sparse_exact,auto
3CA_data__EGAS00001004422__cells-5000__rep-3__engine-both__ablation-full__algorithm-sparse_exact,3CA_data__EGAS00001004422,,/home/dzf/cellchat_acceleration/results/runs/checkpoints/3CA_data__EGAS00001004422__cells-5000__rep-3__engine-both__ablation-full/prepared_cellchat.rds,5000,3,101003,accelerated,full,sparse_exact,auto
3CA_data__EGAS00001004422__cells-all__rep-1__engine-both__ablation-full__algorithm-sparse_exact,3CA_data__EGAS00001004422,,/home/dzf/cellchat_acceleration/results/runs/checkpoints/3CA_data__EGAS00001004422__cells-all__rep-1__engine-both__ablation-full/prepared_cellchat.rds,all,1,101001,accelerated,full,sparse_exact,auto
3CA_data__EGAS00001004422__cells-all__rep-2__engine-both__ablation-full__algorithm-sparse_exact,3CA_data__EGAS00001004422,,/home/dzf/cellchat_acceleration/results/runs/checkpoints/3CA_data__EGAS00001004422__cells-all__rep-2__engine-both__ablation-full/prepared_cellchat.rds,all,2,101002,accelerated,full,sparse_exact,auto
3CA_data__EGAS00001004422__cells-all__rep-3__engine-both__ablation-full__algorithm-sparse_exact,3CA_data__EGAS00001004422,,/home/dzf/cellchat_acceleration/results/runs/checkpoints/3CA_data__EGAS00001004422__cells-all__rep-3__engine-both__ablation-full/prepared_cellchat.rds,all,3,101003,accelerated,full,sparse_exact,auto
3CA_data__Group1__cells-10000__rep-1__engine-both__ablation-full__algorithm-sparse_exact,3CA_data__Group1,,/home/dzf/cellchat_acceleration/results/runs/checkpoints/3CA_data__Group1__cells-10000__rep-1__engine-both__ablation-full/prepared_cellchat.rds,10000,1,108001,accelerated,full,sparse_exact,auto
3CA_data__Group1__cells-10000__rep-2__engine-both__ablation-full__algorithm-sparse_exact,3CA_data__Group1,,/home/dzf/cellchat_acceleration/results/runs/checkpoints/3CA_data__Group1__cells-10000__rep-2__engine-both__ablation-full/prepared_cellchat.rds,10000,2,108002,accelerated,full,sparse_exact,auto
3CA_data__Group1__cells-10000__rep-3__engine-both__ablation-full__algorithm-sparse_exact,3CA_data__Group1,,/home/dzf/cellchat_acceleration/results/runs/checkpoints/3CA_data__Group1__cells-10000__rep-3__engine-both__ablation-full/prepared_cellchat.rds,10000,3,108003,accelerated,full,sparse_exact,auto
3CA_data__Group1__cells-1000__rep-1__engine-both__ablation-full__algorithm-sparse_exact,3CA_data__Group1,,/home/dzf/cellchat_acceleration/results/runs/checkpoints/3CA_data__Group1__cells-1000__rep-1__engine-both__ablation-full/prepared_cellchat.rds,1000,1,108001,accelerated,full,sparse_exact,auto
3CA_data__Group1__cells-1000__rep-2__engine-both__ablation-full__algorithm-sparse_exact,3CA_data__Group1,,/home/dzf/cellchat_acceleration/results/runs/checkpoints/3CA_data__Group1__cells-1000__rep-2__engine-both__ablation-full/prepared_cellchat.rds,1000,2,108002,accelerated,full,sparse_exact,auto
3CA_data__Group1__cells-1000__rep-3__engine-both__ablation-full__algorithm-sparse_exact,3CA_data__Group1,,/home/dzf/cellchat_acceleration/results/runs/checkpoints/3CA_data__Group1__cells-1000__rep-3__engine-both__ablation-full/prepared_cellchat.rds,1000,3,108003,accelerated,full,sparse_exact,auto
3CA_data__Group1__cells-25000__rep-1__engine-both__ablation-full__algorithm-sparse_exact,3CA_data__Group1,,/home/dzf/cellchat_acceleration/results/runs/checkpoints/3CA_data__Group1__cells-25000__rep-1__engine-both__ablation-full/prepared_cellchat.rds,25000,1,108001,accelerated,full,sparse_exact,auto
3CA_data__Group1__cells-25000__rep-2__engine-both__ablation-full__algorithm-sparse_exact,3CA_data__Group1,,/home/dzf/cellchat_acceleration/results/runs/checkpoints/3CA_data__Group1__cells-25000__rep-2__engine-both__ablation-full/prepared_cellchat.rds,25000,2,108002,accelerated,full,sparse_exact,auto
3CA_data__Group1__cells-25000__rep-3__engine-both__ablation-full__algorithm-sparse_exact,3CA_data__Group1,,/home/dzf/cellchat_acceleration/results/runs/checkpoints/3CA_data__Group1__cells-25000__rep-3__engine-both__ablation-full/prepared_cellchat.rds,25000,3,108003,accelerated,full,sparse_exact,auto
3CA_data__Group1__cells-50000__rep-1__engine-both__ablation-full__algorithm-sparse_exact,3CA_data__Group1,,/home/dzf/cellchat_acceleration/results/runs/checkpoints/3CA_data__Group1__cells-50000__rep-1__engine-both__ablation-full/prepared_cellchat.rds,50000,1,108001,accelerated,full,sparse_exact,auto
3CA_data__Group1__cells-50000__rep-2__engine-both__ablation-full__algorithm-sparse_exact,3CA_data__Group1,,/home/dzf/cellchat_acceleration/results/runs/checkpoints/3CA_data__Group1__cells-50000__rep-2__engine-both__ablation-full/prepared_cellchat.rds,50000,2,108002,accelerated,full,sparse_exact,auto
3CA_data__Group1__cells-50000__rep-3__engine-both__ablation-full__algorithm-sparse_exact,3CA_data__Group1,,/home/dzf/cellchat_acceleration/results/runs/checkpoints/3CA_data__Group1__cells-50000__rep-3__engine-both__ablation-full/prepared_cellchat.rds,50000,3,108003,accelerated,full,sparse_exact,auto
3CA_data__Group1__cells-5000__rep-1__engine-both__ablation-full__algorithm-sparse_exact,3CA_data__Group1,,/home/dzf/cellchat_acceleration/results/runs/checkpoints/3CA_data__Group1__cells-5000__rep-1__engine-both__ablation-full/prepared_cellchat.rds,5000,1,108001,accelerated,full,sparse_exact,auto
3CA_data__Group1__cells-5000__rep-2__engine-both__ablation-full__algorithm-sparse_exact,3CA_data__Group1,,/home/dzf/cellchat_acceleration/results/runs/checkpoints/3CA_data__Group1__cells-5000__rep-2__engine-both__ablation-full/prepared_cellchat.rds,5000,2,108002,accelerated,full,sparse_exact,auto
3CA_data__Group1__cells-5000__rep-3__engine-both__ablation-full__algorithm-sparse_exact,3CA_data__Group1,,/home/dzf/cellchat_acceleration/results/runs/checkpoints/3CA_data__Group1__cells-5000__rep-3__engine-both__ablation-full/prepared_cellchat.rds,5000,3,108003,accelerated,full,sparse_exact,auto
3CA_data__Group1__cells-all__rep-1__engine-both__ablation-full__algorithm-sparse_exact,3CA_data__Group1,,/home/dzf/cellchat_acceleration/results/runs/checkpoints/3CA_data__Group1__cells-all__rep-1__engine-both__ablation-full/prepared_cellchat.rds,all,1,108001,accelerated,full,sparse_exact,auto
3CA_data__Group1__cells-all__rep-2__engine-both__ablation-full__algorithm-sparse_exact,3CA_data__Group1,,/home/dzf/cellchat_acceleration/results/runs/checkpoints/3CA_data__Group1__cells-all__rep-2__engine-both__ablation-full/prepared_cellchat.rds,all,2,108002,accelerated,full,sparse_exact,auto
3CA_data__Group1__cells-all__rep-3__engine-both__ablation-full__algorithm-sparse_exact,3CA_data__Group1,,/home/dzf/cellchat_acceleration/results/runs/checkpoints/3CA_data__Group1__cells-all__rep-3__engine-both__ablation-full/prepared_cellchat.rds,all,3,108003,accelerated,full,sparse_exact,auto
3CA_data__Group2__cells-10000__rep-1__engine-both__ablation-full__algorithm-sparse_exact,3CA_data__Group2,,/home/dzf/cellchat_acceleration/results/runs/checkpoints/3CA_data__Group2__cells-10000__rep-1__engine-both__ablation-full/prepared_cellchat.rds,10000,1,106001,accelerated,full,sparse_exact,auto
3CA_data__Group2__cells-10000__rep-2__engine-both__ablation-full__algorithm-sparse_exact,3CA_data__Group2,,/home/dzf/cellchat_acceleration/results/runs/checkpoints/3CA_data__Group2__cells-10000__rep-2__engine-both__ablation-full/prepared_cellchat.rds,10000,2,106002,accelerated,full,sparse_exact,auto
3CA_data__Group2__cells-10000__rep-3__engine-both__ablation-full__algorithm-sparse_exact,3CA_data__Group2,,/home/dzf/cellchat_acceleration/results/runs/checkpoints/3CA_data__Group2__cells-10000__rep-3__engine-both__ablation-full/prepared_cellchat.rds,10000,3,106003,accelerated,full,sparse_exact,auto
3CA_data__Group2__cells-1000__rep-1__engine-both__ablation-full__algorithm-sparse_exact,3CA_data__Group2,,/home/dzf/cellchat_acceleration/results/runs/checkpoints/3CA_data__Group2__cells-1000__rep-1__engine-both__ablation-full/prepared_cellchat.rds,1000,1,106001,accelerated,full,sparse_exact,auto
3CA_data__Group2__cells-1000__rep-2__engine-both__ablation-full__algorithm-sparse_exact,3CA_data__Group2,,/home/dzf/cellchat_acceleration/results/runs/checkpoints/3CA_data__Group2__cells-1000__rep-2__engine-both__ablation-full/prepared_cellchat.rds,1000,2,106002,accelerated,full,sparse_exact,auto
3CA_data__Group2__cells-1000__rep-3__engine-both__ablation-full__algorithm-sparse_exact,3CA_data__Group2,,/home/dzf/cellchat_acceleration/results/runs/checkpoints/3CA_data__Group2__cells-1000__rep-3__engine-both__ablation-full/prepared_cellchat.rds,1000,3,106003,accelerated,full,sparse_exact,auto
3CA_data__Group2__cells-25000__rep-1__engine-both__ablation-full__algorithm-sparse_exact,3CA_data__Group2,,/home/dzf/cellchat_acceleration/results/runs/checkpoints/3CA_data__Group2__cells-25000__rep-1__engine-both__ablation-full/prepared_cellchat.rds,25000,1,106001,accelerated,full,sparse_exact,auto
3CA_data__Group2__cells-25000__rep-2__engine-both__ablation-full__algorithm-sparse_exact,3CA_data__Group2,,/home/dzf/cellchat_acceleration/results/runs/checkpoints/3CA_data__Group2__cells-25000__rep-2__engine-both__ablation-full/prepared_cellchat.rds,25000,2,106002,accelerated,full,sparse_exact,auto
3CA_data__Group2__cells-25000__rep-3__engine-both__ablation-full__algorithm-sparse_exact,3CA_data__Group2,,/home/dzf/cellchat_acceleration/results/runs/checkpoints/3CA_data__Group2__cells-25000__rep-3__engine-both__ablation-full/prepared_cellchat.rds,25000,3,106003,accelerated,full,sparse_exact,auto
3CA_data__Group2__cells-50000__rep-1__engine-both__ablation-full__algorithm-sparse_exact,3CA_data__Group2,,/home/dzf/cellchat_acceleration/results/runs/checkpoints/3CA_data__Group2__cells-50000__rep-1__engine-both__ablation-full/prepared_cellchat.rds,50000,1,106001,accelerated,full,sparse_exact,auto
3CA_data__Group2__cells-50000__rep-2__engine-both__ablation-full__algorithm-sparse_exact,3CA_data__Group2,,/home/dzf/cellchat_acceleration/results/runs/checkpoints/3CA_data__Group2__cells-50000__rep-2__engine-both__ablation-full/prepared_cellchat.rds,50000,2,106002,accelerated,full,sparse_exact,auto
3CA_data__Group2__cells-50000__rep-3__engine-both__ablation-full__algorithm-sparse_exact,3CA_data__Group2,,/home/dzf/cellchat_acceleration/results/runs/checkpoints/3CA_data__Group2__cells-50000__rep-3__engine-both__ablation-full/prepared_cellchat.rds,50000,3,106003,accelerated,full,sparse_exact,auto
3CA_data__Group2__cells-5000__rep-1__engine-both__ablation-full__algorithm-sparse_exact,3CA_data__Group2,,/home/dzf/cellchat_acceleration/results/runs/checkpoints/3CA_data__Group2__cells-5000__rep-1__engine-both__ablation-full/prepared_cellchat.rds,5000,1,106001,accelerated,full,sparse_exact,auto
3CA_data__Group2__cells-5000__rep-2__engine-both__ablation-full__algorithm-sparse_exact,3CA_data__Group2,,/home/dzf/cellchat_acceleration/results/runs/checkpoints/3CA_data__Group2__cells-5000__rep-2__engine-both__ablation-full/prepared_cellchat.rds,5000,2,106002,accelerated,full,sparse_exact,auto
3CA_data__Group2__cells-5000__rep-3__engine-both__ablation-full__algorithm-sparse_exact,3CA_data__Group2,,/home/dzf/cellchat_acceleration/results/runs/checkpoints/3CA_data__Group2__cells-5000__rep-3__engine-both__ablation-full/prepared_cellchat.rds,5000,3,106003,accelerated,full,sparse_exact,auto
3CA_data__Group2__cells-all__rep-1__engine-both__ablation-full__algorithm-sparse_exact,3CA_data__Group2,,/home/dzf/cellchat_acceleration/results/runs/checkpoints/3CA_data__Group2__cells-all__rep-1__engine-both__ablation-full/prepared_cellchat.rds,all,1,106001,accelerated,full,sparse_exact,auto
3CA_data__Group2__cells-all__rep-2__engine-both__ablation-full__algorithm-sparse_exact,3CA_data__Group2,,/home/dzf/cellchat_acceleration/results/runs/checkpoints/3CA_data__Group2__cells-all__rep-2__engine-both__ablation-full/prepared_cellchat.rds,all,2,106002,accelerated,full,sparse_exact,auto
3CA_data__Group2__cells-all__rep-3__engine-both__ablation-full__algorithm-sparse_exact,3CA_data__Group2,,/home/dzf/cellchat_acceleration/results/runs/checkpoints/3CA_data__Group2__cells-all__rep-3__engine-both__ablation-full/prepared_cellchat.rds,all,3,106003,accelerated,full,sparse_exact,auto
3CA_data__PRJNA289244__cells-10000__rep-1__engine-both__ablation-full__algorithm-sparse_exact,3CA_data__PRJNA289244,,/home/dzf/cellchat_acceleration/results/runs/checkpoints/3CA_data__PRJNA289244__cells-10000__rep-1__engine-both__ablation-full/prepared_cellchat.rds,10000,1,107001,accelerated,full,sparse_exact,auto
3CA_data__PRJNA289244__cells-10000__rep-2__engine-both__ablation-full__algorithm-sparse_exact,3CA_data__PRJNA289244,,/home/dzf/cellchat_acceleration/results/runs/checkpoints/3CA_data__PRJNA289244__cells-10000__rep-2__engine-both__ablation-full/prepared_cellchat.rds,10000,2,107002,accelerated,full,sparse_exact,auto
3CA_data__PRJNA289244__cells-10000__rep-3__engine-both__ablation-full__algorithm-sparse_exact,3CA_data__PRJNA289244,,/home/dzf/cellchat_acceleration/results/runs/checkpoints/3CA_data__PRJNA289244__cells-10000__rep-3__engine-both__ablation-full/prepared_cellchat.rds,10000,3,107003,accelerated,full,sparse_exact,auto
3CA_data__PRJNA289244__cells-1000__rep-1__engine-both__ablation-full__algorithm-sparse_exact,3CA_data__PRJNA289244,,/home/dzf/cellchat_acceleration/results/runs/checkpoints/3CA_data__PRJNA289244__cells-1000__rep-1__engine-both__ablation-full/prepared_cellchat.rds,1000,1,107001,accelerated,full,sparse_exact,auto
3CA_data__PRJNA289244__cells-1000__rep-2__engine-both__ablation-full__algorithm-sparse_exact,3CA_data__PRJNA289244,,/home/dzf/cellchat_acceleration/results/runs/checkpoints/3CA_data__PRJNA289244__cells-1000__rep-2__engine-both__ablation-full/prepared_cellchat.rds,1000,2,107002,accelerated,full,sparse_exact,auto
3CA_data__PRJNA289244__cells-1000__rep-3__engine-both__ablation-full__algorithm-sparse_exact,3CA_data__PRJNA289244,,/home/dzf/cellchat_acceleration/results/runs/checkpoints/3CA_data__PRJNA289244__cells-1000__rep-3__engine-both__ablation-full/prepared_cellchat.rds,1000,3,107003,accelerated,full,sparse_exact,auto
3CA_data__PRJNA289244__cells-25000__rep-1__engine-both__ablation-full__algorithm-sparse_exact,3CA_data__PRJNA289244,,/home/dzf/cellchat_acceleration/results/runs/checkpoints/3CA_data__PRJNA289244__cells-25000__rep-1__engine-both__ablation-full/prepared_cellchat.rds,25000,1,107001,accelerated,full,sparse_exact,auto
3CA_data__PRJNA289244__cells-25000__rep-2__engine-both__ablation-full__algorithm-sparse_exact,3CA_data__PRJNA289244,,/home/dzf/cellchat_acceleration/results/runs/checkpoints/3CA_data__PRJNA289244__cells-25000__rep-2__engine-both__ablation-full/prepared_cellchat.rds,25000,2,107002,accelerated,full,sparse_exact,auto
3CA_data__PRJNA289244__cells-25000__rep-3__engine-both__ablation-full__algorithm-sparse_exact,3CA_data__PRJNA289244,,/home/dzf/cellchat_acceleration/results/runs/checkpoints/3CA_data__PRJNA289244__cells-25000__rep-3__engine-both__ablation-full/prepared_cellchat.rds,25000,3,107003,accelerated,full,sparse_exact,auto
3CA_data__PRJNA289244__cells-50000__rep-1__engine-both__ablation-full__algorithm-sparse_exact,3CA_data__PRJNA289244,,/home/dzf/cellchat_acceleration/results/runs/checkpoints/3CA_data__PRJNA289244__cells-50000__rep-1__engine-both__ablation-full/prepared_cellchat.rds,50000,1,107001,accelerated,full,sparse_exact,auto
3CA_data__PRJNA289244__cells-50000__rep-2__engine-both__ablation-full__algorithm-sparse_exact,3CA_data__PRJNA289244,,/home/dzf/cellchat_acceleration/results/runs/checkpoints/3CA_data__PRJNA289244__cells-50000__rep-2__engine-both__ablation-full/prepared_cellchat.rds,50000,2,107002,accelerated,full,sparse_exact,auto
3CA_data__PRJNA289244__cells-50000__rep-3__engine-both__ablation-full__algorithm-sparse_exact,3CA_data__PRJNA289244,,/home/dzf/cellchat_acceleration/results/runs/checkpoints/3CA_data__PRJNA289244__cells-50000__rep-3__engine-both__ablation-full/prepared_cellchat.rds,50000,3,107003,accelerated,full,sparse_exact,auto
3CA_data__PRJNA289244__cells-5000__rep-1__engine-both__ablation-full__algorithm-sparse_exact,3CA_data__PRJNA289244,,/home/dzf/cellchat_acceleration/results/runs/checkpoints/3CA_data__PRJNA289244__cells-5000__rep-1__engine-both__ablation-full/prepared_cellchat.rds,5000,1,107001,accelerated,full,sparse_exact,auto
3CA_data__PRJNA289244__cells-5000__rep-2__engine-both__ablation-full__algorithm-sparse_exact,3CA_data__PRJNA289244,,/home/dzf/cellchat_acceleration/results/runs/checkpoints/3CA_data__PRJNA289244__cells-5000__rep-2__engine-both__ablation-full/prepared_cellchat.rds,5000,2,107002,accelerated,full,sparse_exact,auto
3CA_data__PRJNA289244__cells-5000__rep-3__engine-both__ablation-full__algorithm-sparse_exact,3CA_data__PRJNA289244,,/home/dzf/cellchat_acceleration/results/runs/checkpoints/3CA_data__PRJNA289244__cells-5000__rep-3__engine-both__ablation-full/prepared_cellchat.rds,5000,3,107003,accelerated,full,sparse_exact,auto
3CA_data__PRJNA289244__cells-all__rep-1__engine-both__ablation-full__algorithm-sparse_exact,3CA_data__PRJNA289244,,/home/dzf/cellchat_acceleration/results/runs/checkpoints/3CA_data__PRJNA289244__cells-all__rep-1__engine-both__ablation-full/prepared_cellchat.rds,all,1,107001,accelerated,full,sparse_exact,auto
3CA_data__PRJNA289244__cells-all__rep-2__engine-both__ablation-full__algorithm-sparse_exact,3CA_data__PRJNA289244,,/home/dzf/cellchat_acceleration/results/runs/checkpoints/3CA_data__PRJNA289244__cells-all__rep-2__engine-both__ablation-full/prepared_cellchat.rds,all,2,107002,accelerated,full,sparse_exact,auto
3CA_data__PRJNA289244__cells-all__rep-3__engine-both__ablation-full__algorithm-sparse_exact,3CA_data__PRJNA289244,,/home/dzf/cellchat_acceleration/results/runs/checkpoints/3CA_data__PRJNA289244__cells-all__rep-3__engine-both__ablation-full/prepared_cellchat.rds,all,3,107003,accelerated,full,sparse_exact,auto
3CA_data__PRJNA395045__cells-10000__rep-1__engine-both__ablation-full__algorithm-sparse_exact,3CA_data__PRJNA395045,,/home/dzf/cellchat_acceleration/results/runs/checkpoints/3CA_data__PRJNA395045__cells-10000__rep-1__engine-both__ablation-full/prepared_cellchat.rds,10000,1,102001,accelerated,full,sparse_exact,auto
3CA_data__PRJNA395045__cells-10000__rep-2__engine-both__ablation-full__algorithm-sparse_exact,3CA_data__PRJNA395045,,/home/dzf/cellchat_acceleration/results/runs/checkpoints/3CA_data__PRJNA395045__cells-10000__rep-2__engine-both__ablation-full/prepared_cellchat.rds,10000,2,102002,accelerated,full,sparse_exact,auto
3CA_data__PRJNA395045__cells-10000__rep-3__engine-both__ablation-full__algorithm-sparse_exact,3CA_data__PRJNA395045,,/home/dzf/cellchat_acceleration/results/runs/checkpoints/3CA_data__PRJNA395045__cells-10000__rep-3__engine-both__ablation-full/prepared_cellchat.rds,10000,3,102003,accelerated,full,sparse_exact,auto
3CA_data__PRJNA395045__cells-1000__rep-1__engine-both__ablation-full__algorithm-sparse_exact,3CA_data__PRJNA395045,,/home/dzf/cellchat_acceleration/results/runs/checkpoints/3CA_data__PRJNA395045__cells-1000__rep-1__engine-both__ablation-full/prepared_cellchat.rds,1000,1,102001,accelerated,full,sparse_exact,auto
3CA_data__PRJNA395045__cells-1000__rep-2__engine-both__ablation-full__algorithm-sparse_exact,3CA_data__PRJNA395045,,/home/dzf/cellchat_acceleration/results/runs/checkpoints/3CA_data__PRJNA395045__cells-1000__rep-2__engine-both__ablation-full/prepared_cellchat.rds,1000,2,102002,accelerated,full,sparse_exact,auto
3CA_data__PRJNA395045__cells-1000__rep-3__engine-both__ablation-full__algorithm-sparse_exact,3CA_data__PRJNA395045,,/home/dzf/cellchat_acceleration/results/runs/checkpoints/3CA_data__PRJNA395045__cells-1000__rep-3__engine-both__ablation-full/prepared_cellchat.rds,1000,3,102003,accelerated,full,sparse_exact,auto
3CA_data__PRJNA395045__cells-25000__rep-1__engine-both__ablation-full__algorithm-sparse_exact,3CA_data__PRJNA395045,,/home/dzf/cellchat_acceleration/results/runs/checkpoints/3CA_data__PRJNA395045__cells-25000__rep-1__engine-both__ablation-full/prepared_cellchat.rds,25000,1,102001,accelerated,full,sparse_exact,auto
3CA_data__PRJNA395045__cells-25000__rep-2__engine-both__ablation-full__algorithm-sparse_exact,3CA_data__PRJNA395045,,/home/dzf/cellchat_acceleration/results/runs/checkpoints/3CA_data__PRJNA395045__cells-25000__rep-2__engine-both__ablation-full/prepared_cellchat.rds,25000,2,102002,accelerated,full,sparse_exact,auto
3CA_data__PRJNA395045__cells-25000__rep-3__engine-both__ablation-full__algorithm-sparse_exact,3CA_data__PRJNA395045,,/home/dzf/cellchat_acceleration/results/runs/checkpoints/3CA_data__PRJNA395045__cells-25000__rep-3__engine-both__ablation-full/prepared_cellchat.rds,25000,3,102003,accelerated,full,sparse_exact,auto
3CA_data__PRJNA395045__cells-50000__rep-1__engine-both__ablation-full__algorithm-sparse_exact,3CA_data__PRJNA395045,,/home/dzf/cellchat_acceleration/results/runs/checkpoints/3CA_data__PRJNA395045__cells-50000__rep-1__engine-both__ablation-full/prepared_cellchat.rds,50000,1,102001,accelerated,full,sparse_exact,auto
3CA_data__PRJNA395045__cells-50000__rep-2__engine-both__ablation-full__algorithm-sparse_exact,3CA_data__PRJNA395045,,/home/dzf/cellchat_acceleration/results/runs/checkpoints/3CA_data__PRJNA395045__cells-50000__rep-2__engine-both__ablation-full/prepared_cellchat.rds,50000,2,102002,accelerated,full,sparse_exact,auto
3CA_data__PRJNA395045__cells-50000__rep-3__engine-both__ablation-full__algorithm-sparse_exact,3CA_data__PRJNA395045,,/home/dzf/cellchat_acceleration/results/runs/checkpoints/3CA_data__PRJNA395045__cells-50000__rep-3__engine-both__ablation-full/prepared_cellchat.rds,50000,3,102003,accelerated,full,sparse_exact,auto
3CA_data__PRJNA395045__cells-5000__rep-1__engine-both__ablation-full__algorithm-sparse_exact,3CA_data__PRJNA395045,,/home/dzf/cellchat_acceleration/results/runs/checkpoints/3CA_data__PRJNA395045__cells-5000__rep-1__engine-both__ablation-full/prepared_cellchat.rds,5000,1,102001,accelerated,full,sparse_exact,auto
3CA_data__PRJNA395045__cells-5000__rep-2__engine-both__ablation-full__algorithm-sparse_exact,3CA_data__PRJNA395045,,/home/dzf/cellchat_acceleration/results/runs/checkpoints/3CA_data__PRJNA395045__cells-5000__rep-2__engine-both__ablation-full/prepared_cellchat.rds,5000,2,102002,accelerated,full,sparse_exact,auto
3CA_data__PRJNA395045__cells-5000__rep-3__engine-both__ablation-full__algorithm-sparse_exact,3CA_data__PRJNA395045,,/home/dzf/cellchat_acceleration/results/runs/checkpoints/3CA_data__PRJNA395045__cells-5000__rep-3__engine-both__ablation-full/prepared_cellchat.rds,5000,3,102003,accelerated,full,sparse_exact,auto
3CA_data__PRJNA395045__cells-all__rep-1__engine-both__ablation-full__algorithm-sparse_exact,3CA_data__PRJNA395045,,/home/dzf/cellchat_acceleration/results/runs/checkpoints/3CA_data__PRJNA395045__cells-all__rep-1__engine-both__ablation-full/prepared_cellchat.rds,all,1,102001,accelerated,full,sparse_exact,auto
3CA_data__PRJNA395045__cells-all__rep-2__engine-both__ablation-full__algorithm-sparse_exact,3CA_data__PRJNA395045,,/home/dzf/cellchat_acceleration/results/runs/checkpoints/3CA_data__PRJNA395045__cells-all__rep-2__engine-both__ablation-full/prepared_cellchat.rds,all,2,102002,accelerated,full,sparse_exact,auto
3CA_data__PRJNA395045__cells-all__rep-3__engine-both__ablation-full__algorithm-sparse_exact,3CA_data__PRJNA395045,,/home/dzf/cellchat_acceleration/results/runs/checkpoints/3CA_data__PRJNA395045__cells-all__rep-3__engine-both__ablation-full/prepared_cellchat.rds,all,3,102003,accelerated,full,sparse_exact,auto
3CA_data__PRJNA490728__cells-10000__rep-1__engine-both__ablation-full__algorithm-sparse_exact,3CA_data__PRJNA490728,,/home/dzf/cellchat_acceleration/results/runs/checkpoints/3CA_data__PRJNA490728__cells-10000__rep-1__engine-both__ablation-full/prepared_cellchat.rds,10000,1,105001,accelerated,full,sparse_exact,auto
3CA_data__PRJNA490728__cells-10000__rep-2__engine-both__ablation-full__algorithm-sparse_exact,3CA_data__PRJNA490728,,/home/dzf/cellchat_acceleration/results/runs/checkpoints/3CA_data__PRJNA490728__cells-10000__rep-2__engine-both__ablation-full/prepared_cellchat.rds,10000,2,105002,accelerated,full,sparse_exact,auto
3CA_data__PRJNA490728__cells-10000__rep-3__engine-both__ablation-full__algorithm-sparse_exact,3CA_data__PRJNA490728,,/home/dzf/cellchat_acceleration/results/runs/checkpoints/3CA_data__PRJNA490728__cells-10000__rep-3__engine-both__ablation-full/prepared_cellchat.rds,10000,3,105003,accelerated,full,sparse_exact,auto
3CA_data__PRJNA490728__cells-1000__rep-1__engine-both__ablation-full__algorithm-sparse_exact,3CA_data__PRJNA490728,,/home/dzf/cellchat_acceleration/results/runs/checkpoints/3CA_data__PRJNA490728__cells-1000__rep-1__engine-both__ablation-full/prepared_cellchat.rds,1000,1,105001,accelerated,full,sparse_exact,auto
3CA_data__PRJNA490728__cells-1000__rep-2__engine-both__ablation-full__algorithm-sparse_exact,3CA_data__PRJNA490728,,/home/dzf/cellchat_acceleration/results/runs/checkpoints/3CA_data__PRJNA490728__cells-1000__rep-2__engine-both__ablation-full/prepared_cellchat.rds,1000,2,105002,accelerated,full,sparse_exact,auto
3CA_data__PRJNA490728__cells-1000__rep-3__engine-both__ablation-full__algorithm-sparse_exact,3CA_data__PRJNA490728,,/home/dzf/cellchat_acceleration/results/runs/checkpoints/3CA_data__PRJNA490728__cells-1000__rep-3__engine-both__ablation-full/prepared_cellchat.rds,1000,3,105003,accelerated,full,sparse_exact,auto
3CA_data__PRJNA490728__cells-25000__rep-1__engine-both__ablation-full__algorithm-sparse_exact,3CA_data__PRJNA490728,,/home/dzf/cellchat_acceleration/results/runs/checkpoints/3CA_data__PRJNA490728__cells-25000__rep-1__engine-both__ablation-full/prepared_cellchat.rds,25000,1,105001,accelerated,full,sparse_exact,auto
3CA_data__PRJNA490728__cells-25000__rep-2__engine-both__ablation-full__algorithm-sparse_exact,3CA_data__PRJNA490728,,/home/dzf/cellchat_acceleration/results/runs/checkpoints/3CA_data__PRJNA490728__cells-25000__rep-2__engine-both__ablation-full/prepared_cellchat.rds,25000,2,105002,accelerated,full,sparse_exact,auto
3CA_data__PRJNA490728__cells-25000__rep-3__engine-both__ablation-full__algorithm-sparse_exact,3CA_data__PRJNA490728,,/home/dzf/cellchat_acceleration/results/runs/checkpoints/3CA_data__PRJNA490728__cells-25000__rep-3__engine-both__ablation-full/prepared_cellchat.rds,25000,3,105003,accelerated,full,sparse_exact,auto
3CA_data__PRJNA490728__cells-50000__rep-1__engine-both__ablation-full__algorithm-sparse_exact,3CA_data__PRJNA490728,,/home/dzf/cellchat_acceleration/results/runs/checkpoints/3CA_data__PRJNA490728__cells-50000__rep-1__engine-both__ablation-full/prepared_cellchat.rds,50000,1,105001,accelerated,full,sparse_exact,auto
3CA_data__PRJNA490728__cells-50000__rep-2__engine-both__ablation-full__algorithm-sparse_exact,3CA_data__PRJNA490728,,/home/dzf/cellchat_acceleration/results/runs/checkpoints/3CA_data__PRJNA490728__cells-50000__rep-2__engine-both__ablation-full/prepared_cellchat.rds,50000,2,105002,accelerated,full,sparse_exact,auto
3CA_data__PRJNA490728__cells-50000__rep-3__engine-both__ablation-full__algorithm-sparse_exact,3CA_data__PRJNA490728,,/home/dzf/cellchat_acceleration/results/runs/checkpoints/3CA_data__PRJNA490728__cells-50000__rep-3__engine-both__ablation-full/prepared_cellchat.rds,50000,3,105003,accelerated,full,sparse_exact,auto
3CA_data__PRJNA490728__cells-5000__rep-1__engine-both__ablation-full__algorithm-sparse_exact,3CA_data__PRJNA490728,,/home/dzf/cellchat_acceleration/results/runs/checkpoints/3CA_data__PRJNA490728__cells-5000__rep-1__engine-both__ablation-full/prepared_cellchat.rds,5000,1,105001,accelerated,full,sparse_exact,auto
3CA_data__PRJNA490728__cells-5000__rep-2__engine-both__ablation-full__algorithm-sparse_exact,3CA_data__PRJNA490728,,/home/dzf/cellchat_acceleration/results/runs/checkpoints/3CA_data__PRJNA490728__cells-5000__rep-2__engine-both__ablation-full/prepared_cellchat.rds,5000,2,105002,accelerated,full,sparse_exact,auto
3CA_data__PRJNA490728__cells-5000__rep-3__engine-both__ablation-full__algorithm-sparse_exact,3CA_data__PRJNA490728,,/home/dzf/cellchat_acceleration/results/runs/checkpoints/3CA_data__PRJNA490728__cells-5000__rep-3__engine-both__ablation-full/prepared_cellchat.rds,5000,3,105003,accelerated,full,sparse_exact,auto
3CA_data__PRJNA490728__cells-all__rep-1__engine-both__ablation-full__algorithm-sparse_exact,3CA_data__PRJNA490728,,/home/dzf/cellchat_acceleration/results/runs/checkpoints/3CA_data__PRJNA490728__cells-all__rep-1__engine-both__ablation-full/prepared_cellchat.rds,all,1,105001,accelerated,full,sparse_exact,auto
3CA_data__PRJNA490728__cells-all__rep-2__engine-both__ablation-full__algorithm-sparse_exact,3CA_data__PRJNA490728,,/home/dzf/cellchat_acceleration/results/runs/checkpoints/3CA_data__PRJNA490728__cells-all__rep-2__engine-both__ablation-full/prepared_cellchat.rds,all,2,105002,accelerated,full,sparse_exact,auto
3CA_data__PRJNA490728__cells-all__rep-3__engine-both__ablation-full__algorithm-sparse_exact,3CA_data__PRJNA490728,,/home/dzf/cellchat_acceleration/results/runs/checkpoints/3CA_data__PRJNA490728__cells-all__rep-3__engine-both__ablation-full/prepared_cellchat.rds,all,3,105003,accelerated,full,sparse_exact,auto
3CA_data__PRJNA593551__cells-10000__rep-1__engine-both__ablation-full__algorithm-sparse_exact,3CA_data__PRJNA593551,,/home/dzf/cellchat_acceleration/results/runs/checkpoints/3CA_data__PRJNA593551__cells-10000__rep-1__engine-both__ablation-full/prepared_cellchat.rds,10000,1,109001,accelerated,full,sparse_exact,auto
3CA_data__PRJNA593551__cells-10000__rep-2__engine-both__ablation-full__algorithm-sparse_exact,3CA_data__PRJNA593551,,/home/dzf/cellchat_acceleration/results/runs/checkpoints/3CA_data__PRJNA593551__cells-10000__rep-2__engine-both__ablation-full/prepared_cellchat.rds,10000,2,109002,accelerated,full,sparse_exact,auto
3CA_data__PRJNA593551__cells-10000__rep-3__engine-both__ablation-full__algorithm-sparse_exact,3CA_data__PRJNA593551,,/home/dzf/cellchat_acceleration/results/runs/checkpoints/3CA_data__PRJNA593551__cells-10000__rep-3__engine-both__ablation-full/prepared_cellchat.rds,10000,3,109003,accelerated,full,sparse_exact,auto
3CA_data__PRJNA593551__cells-1000__rep-1__engine-both__ablation-full__algorithm-sparse_exact,3CA_data__PRJNA593551,,/home/dzf/cellchat_acceleration/results/runs/checkpoints/3CA_data__PRJNA593551__cells-1000__rep-1__engine-both__ablation-full/prepared_cellchat.rds,1000,1,109001,accelerated,full,sparse_exact,auto
3CA_data__PRJNA593551__cells-1000__rep-2__engine-both__ablation-full__algorithm-sparse_exact,3CA_data__PRJNA593551,,/home/dzf/cellchat_acceleration/results/runs/checkpoints/3CA_data__PRJNA593551__cells-1000__rep-2__engine-both__ablation-full/prepared_cellchat.rds,1000,2,109002,accelerated,full,sparse_exact,auto
3CA_data__PRJNA593551__cells-1000__rep-3__engine-both__ablation-full__algorithm-sparse_exact,3CA_data__PRJNA593551,,/home/dzf/cellchat_acceleration/results/runs/checkpoints/3CA_data__PRJNA593551__cells-1000__rep-3__engine-both__ablation-full/prepared_cellchat.rds,1000,3,109003,accelerated,full,sparse_exact,auto
3CA_data__PRJNA593551__cells-25000__rep-1__engine-both__ablation-full__algorithm-sparse_exact,3CA_data__PRJNA593551,,/home/dzf/cellchat_acceleration/results/runs/checkpoints/3CA_data__PRJNA593551__cells-25000__rep-1__engine-both__ablation-full/prepared_cellchat.rds,25000,1,109001,accelerated,full,sparse_exact,auto
3CA_data__PRJNA593551__cells-25000__rep-2__engine-both__ablation-full__algorithm-sparse_exact,3CA_data__PRJNA593551,,/home/dzf/cellchat_acceleration/results/runs/checkpoints/3CA_data__PRJNA593551__cells-25000__rep-2__engine-both__ablation-full/prepared_cellchat.rds,25000,2,109002,accelerated,full,sparse_exact,auto
3CA_data__PRJNA593551__cells-25000__rep-3__engine-both__ablation-full__algorithm-sparse_exact,3CA_data__PRJNA593551,,/home/dzf/cellchat_acceleration/results/runs/checkpoints/3CA_data__PRJNA593551__cells-25000__rep-3__engine-both__ablation-full/prepared_cellchat.rds,25000,3,109003,accelerated,full,sparse_exact,auto
3CA_data__PRJNA593551__cells-50000__rep-1__engine-both__ablation-full__algorithm-sparse_exact,3CA_data__PRJNA593551,,/home/dzf/cellchat_acceleration/results/runs/checkpoints/3CA_data__PRJNA593551__cells-50000__rep-1__engine-both__ablation-full/prepared_cellchat.rds,50000,1,109001,accelerated,full,sparse_exact,auto
3CA_data__PRJNA593551__cells-50000__rep-2__engine-both__ablation-full__algorithm-sparse_exact,3CA_data__PRJNA593551,,/home/dzf/cellchat_acceleration/results/runs/checkpoints/3CA_data__PRJNA593551__cells-50000__rep-2__engine-both__ablation-full/prepared_cellchat.rds,50000,2,109002,accelerated,full,sparse_exact,auto
3CA_data__PRJNA593551__cells-50000__rep-3__engine-both__ablation-full__algorithm-sparse_exact,3CA_data__PRJNA593551,,/home/dzf/cellchat_acceleration/results/runs/checkpoints/3CA_data__PRJNA593551__cells-50000__rep-3__engine-both__ablation-full/prepared_cellchat.rds,50000,3,109003,accelerated,full,sparse_exact,auto
3CA_data__PRJNA593551__cells-5000__rep-1__engine-both__ablation-full__algorithm-sparse_exact,3CA_data__PRJNA593551,,/home/dzf/cellchat_acceleration/results/runs/checkpoints/3CA_data__PRJNA593551__cells-5000__rep-1__engine-both__ablation-full/prepared_cellchat.rds,5000,1,109001,accelerated,full,sparse_exact,auto
3CA_data__PRJNA593551__cells-5000__rep-2__engine-both__ablation-full__algorithm-sparse_exact,3CA_data__PRJNA593551,,/home/dzf/cellchat_acceleration/results/runs/checkpoints/3CA_data__PRJNA593551__cells-5000__rep-2__engine-both__ablation-full/prepared_cellchat.rds,5000,2,109002,accelerated,full,sparse_exact,auto
3CA_data__PRJNA593551__cells-5000__rep-3__engine-both__ablation-full__algorithm-sparse_exact,3CA_data__PRJNA593551,,/home/dzf/cellchat_acceleration/results/runs/checkpoints/3CA_data__PRJNA593551__cells-5000__rep-3__engine-both__ablation-full/prepared_cellchat.rds,5000,3,109003,accelerated,full,sparse_exact,auto
3CA_data__PRJNA593551__cells-all__rep-1__engine-both__ablation-full__algorithm-sparse_exact,3CA_data__PRJNA593551,,/home/dzf/cellchat_acceleration/results/runs/checkpoints/3CA_data__PRJNA593551__cells-all__rep-1__engine-both__ablation-full/prepared_cellchat.rds,all,1,109001,accelerated,full,sparse_exact,auto
3CA_data__PRJNA593551__cells-all__rep-2__engine-both__ablation-full__algorithm-sparse_exact,3CA_data__PRJNA593551,,/home/dzf/cellchat_acceleration/results/runs/checkpoints/3CA_data__PRJNA593551__cells-all__rep-2__engine-both__ablation-full/prepared_cellchat.rds,all,2,109002,accelerated,full,sparse_exact,auto
3CA_data__PRJNA593551__cells-all__rep-3__engine-both__ablation-full__algorithm-sparse_exact,3CA_data__PRJNA593551,,/home/dzf/cellchat_acceleration/results/runs/checkpoints/3CA_data__PRJNA593551__cells-all__rep-3__engine-both__ablation-full/prepared_cellchat.rds,all,3,109003,accelerated,full,sparse_exact,auto
3CA_data__PRJNA638151__cells-10000__rep-1__engine-both__ablation-full__algorithm-sparse_exact,3CA_data__PRJNA638151,,/home/dzf/cellchat_acceleration/results/runs/checkpoints/3CA_data__PRJNA638151__cells-10000__rep-1__engine-both__ablation-full/prepared_cellchat.rds,10000,1,103001,accelerated,full,sparse_exact,auto
3CA_data__PRJNA638151__cells-10000__rep-2__engine-both__ablation-full__algorithm-sparse_exact,3CA_data__PRJNA638151,,/home/dzf/cellchat_acceleration/results/runs/checkpoints/3CA_data__PRJNA638151__cells-10000__rep-2__engine-both__ablation-full/prepared_cellchat.rds,10000,2,103002,accelerated,full,sparse_exact,auto
3CA_data__PRJNA638151__cells-10000__rep-3__engine-both__ablation-full__algorithm-sparse_exact,3CA_data__PRJNA638151,,/home/dzf/cellchat_acceleration/results/runs/checkpoints/3CA_data__PRJNA638151__cells-10000__rep-3__engine-both__ablation-full/prepared_cellchat.rds,10000,3,103003,accelerated,full,sparse_exact,auto
3CA_data__PRJNA638151__cells-1000__rep-1__engine-both__ablation-full__algorithm-sparse_exact,3CA_data__PRJNA638151,,/home/dzf/cellchat_acceleration/results/runs/checkpoints/3CA_data__PRJNA638151__cells-1000__rep-1__engine-both__ablation-full/prepared_cellchat.rds,1000,1,103001,accelerated,full,sparse_exact,auto
3CA_data__PRJNA638151__cells-1000__rep-2__engine-both__ablation-full__algorithm-sparse_exact,3CA_data__PRJNA638151,,/home/dzf/cellchat_acceleration/results/runs/checkpoints/3CA_data__PRJNA638151__cells-1000__rep-2__engine-both__ablation-full/prepared_cellchat.rds,1000,2,103002,accelerated,full,sparse_exact,auto
3CA_data__PRJNA638151__cells-1000__rep-3__engine-both__ablation-full__algorithm-sparse_exact,3CA_data__PRJNA638151,,/home/dzf/cellchat_acceleration/results/runs/checkpoints/3CA_data__PRJNA638151__cells-1000__rep-3__engine-both__ablation-full/prepared_cellchat.rds,1000,3,103003,accelerated,full,sparse_exact,auto
3CA_data__PRJNA638151__cells-25000__rep-1__engine-both__ablation-full__algorithm-sparse_exact,3CA_data__PRJNA638151,,/home/dzf/cellchat_acceleration/results/runs/checkpoints/3CA_data__PRJNA638151__cells-25000__rep-1__engine-both__ablation-full/prepared_cellchat.rds,25000,1,103001,accelerated,full,sparse_exact,auto
3CA_data__PRJNA638151__cells-25000__rep-2__engine-both__ablation-full__algorithm-sparse_exact,3CA_data__PRJNA638151,,/home/dzf/cellchat_acceleration/results/runs/checkpoints/3CA_data__PRJNA638151__cells-25000__rep-2__engine-both__ablation-full/prepared_cellchat.rds,25000,2,103002,accelerated,full,sparse_exact,auto
3CA_data__PRJNA638151__cells-25000__rep-3__engine-both__ablation-full__algorithm-sparse_exact,3CA_data__PRJNA638151,,/home/dzf/cellchat_acceleration/results/runs/checkpoints/3CA_data__PRJNA638151__cells-25000__rep-3__engine-both__ablation-full/prepared_cellchat.rds,25000,3,103003,accelerated,full,sparse_exact,auto
3CA_data__PRJNA638151__cells-50000__rep-1__engine-both__ablation-full__algorithm-sparse_exact,3CA_data__PRJNA638151,,/home/dzf/cellchat_acceleration/results/runs/checkpoints/3CA_data__PRJNA638151__cells-50000__rep-1__engine-both__ablation-full/prepared_cellchat.rds,50000,1,103001,accelerated,full,sparse_exact,auto
3CA_data__PRJNA638151__cells-50000__rep-2__engine-both__ablation-full__algorithm-sparse_exact,3CA_data__PRJNA638151,,/home/dzf/cellchat_acceleration/results/runs/checkpoints/3CA_data__PRJNA638151__cells-50000__rep-2__engine-both__ablation-full/prepared_cellchat.rds,50000,2,103002,accelerated,full,sparse_exact,auto
3CA_data__PRJNA638151__cells-50000__rep-3__engine-both__ablation-full__algorithm-sparse_exact,3CA_data__PRJNA638151,,/home/dzf/cellchat_acceleration/results/runs/checkpoints/3CA_data__PRJNA638151__cells-50000__rep-3__engine-both__ablation-full/prepared_cellchat.rds,50000,3,103003,accelerated,full,sparse_exact,auto
3CA_data__PRJNA638151__cells-5000__rep-1__engine-both__ablation-full__algorithm-sparse_exact,3CA_data__PRJNA638151,,/home/dzf/cellchat_acceleration/results/runs/checkpoints/3CA_data__PRJNA638151__cells-5000__rep-1__engine-both__ablation-full/prepared_cellchat.rds,5000,1,103001,accelerated,full,sparse_exact,auto
3CA_data__PRJNA638151__cells-5000__rep-2__engine-both__ablation-full__algorithm-sparse_exact,3CA_data__PRJNA638151,,/home/dzf/cellchat_acceleration/results/runs/checkpoints/3CA_data__PRJNA638151__cells-5000__rep-2__engine-both__ablation-full/prepared_cellchat.rds,5000,2,103002,accelerated,full,sparse_exact,auto
3CA_data__PRJNA638151__cells-5000__rep-3__engine-both__ablation-full__algorithm-sparse_exact,3CA_data__PRJNA638151,,/home/dzf/cellchat_acceleration/results/runs/checkpoints/3CA_data__PRJNA638151__cells-5000__rep-3__engine-both__ablation-full/prepared_cellchat.rds,5000,3,103003,accelerated,full,sparse_exact,auto
3CA_data__PRJNA638151__cells-all__rep-1__engine-both__ablation-full__algorithm-sparse_exact,3CA_data__PRJNA638151,,/home/dzf/cellchat_acceleration/results/runs/checkpoints/3CA_data__PRJNA638151__cells-all__rep-1__engine-both__ablation-full/prepared_cellchat.rds,all,1,103001,accelerated,full,sparse_exact,auto
3CA_data__PRJNA638151__cells-all__rep-2__engine-both__ablation-full__algorithm-sparse_exact,3CA_data__PRJNA638151,,/home/dzf/cellchat_acceleration/results/runs/checkpoints/3CA_data__PRJNA638151__cells-all__rep-2__engine-both__ablation-full/prepared_cellchat.rds,all,2,103002,accelerated,full,sparse_exact,auto
3CA_data__PRJNA638151__cells-all__rep-3__engine-both__ablation-full__algorithm-sparse_exact,3CA_data__PRJNA638151,,/home/dzf/cellchat_acceleration/results/runs/checkpoints/3CA_data__PRJNA638151__cells-all__rep-3__engine-both__ablation-full/prepared_cellchat.rds,all,3,103003,accelerated,full,sparse_exact,auto
3CA_data__SmartSeq2__cells-10000__rep-1__engine-both__ablation-full__algorithm-sparse_exact,3CA_data__SmartSeq2,,/home/dzf/cellchat_acceleration/results/runs/checkpoints/3CA_data__SmartSeq2__cells-10000__rep-1__engine-both__ablation-full/prepared_cellchat.rds,10000,1,104001,accelerated,full,sparse_exact,auto
3CA_data__SmartSeq2__cells-10000__rep-2__engine-both__ablation-full__algorithm-sparse_exact,3CA_data__SmartSeq2,,/home/dzf/cellchat_acceleration/results/runs/checkpoints/3CA_data__SmartSeq2__cells-10000__rep-2__engine-both__ablation-full/prepared_cellchat.rds,10000,2,104002,accelerated,full,sparse_exact,auto
3CA_data__SmartSeq2__cells-10000__rep-3__engine-both__ablation-full__algorithm-sparse_exact,3CA_data__SmartSeq2,,/home/dzf/cellchat_acceleration/results/runs/checkpoints/3CA_data__SmartSeq2__cells-10000__rep-3__engine-both__ablation-full/prepared_cellchat.rds,10000,3,104003,accelerated,full,sparse_exact,auto
3CA_data__SmartSeq2__cells-1000__rep-1__engine-both__ablation-full__algorithm-sparse_exact,3CA_data__SmartSeq2,,/home/dzf/cellchat_acceleration/results/runs/checkpoints/3CA_data__SmartSeq2__cells-1000__rep-1__engine-both__ablation-full/prepared_cellchat.rds,1000,1,104001,accelerated,full,sparse_exact,auto
3CA_data__SmartSeq2__cells-1000__rep-2__engine-both__ablation-full__algorithm-sparse_exact,3CA_data__SmartSeq2,,/home/dzf/cellchat_acceleration/results/runs/checkpoints/3CA_data__SmartSeq2__cells-1000__rep-2__engine-both__ablation-full/prepared_cellchat.rds,1000,2,104002,accelerated,full,sparse_exact,auto
3CA_data__SmartSeq2__cells-1000__rep-3__engine-both__ablation-full__algorithm-sparse_exact,3CA_data__SmartSeq2,,/home/dzf/cellchat_acceleration/results/runs/checkpoints/3CA_data__SmartSeq2__cells-1000__rep-3__engine-both__ablation-full/prepared_cellchat.rds,1000,3,104003,accelerated,full,sparse_exact,auto
3CA_data__SmartSeq2__cells-25000__rep-1__engine-both__ablation-full__algorithm-sparse_exact,3CA_data__SmartSeq2,,/home/dzf/cellchat_acceleration/results/runs/checkpoints/3CA_data__SmartSeq2__cells-25000__rep-1__engine-both__ablation-full/prepared_cellchat.rds,25000,1,104001,accelerated,full,sparse_exact,auto
3CA_data__SmartSeq2__cells-25000__rep-2__engine-both__ablation-full__algorithm-sparse_exact,3CA_data__SmartSeq2,,/home/dzf/cellchat_acceleration/results/runs/checkpoints/3CA_data__SmartSeq2__cells-25000__rep-2__engine-both__ablation-full/prepared_cellchat.rds,25000,2,104002,accelerated,full,sparse_exact,auto
3CA_data__SmartSeq2__cells-25000__rep-3__engine-both__ablation-full__algorithm-sparse_exact,3CA_data__SmartSeq2,,/home/dzf/cellchat_acceleration/results/runs/checkpoints/3CA_data__SmartSeq2__cells-25000__rep-3__engine-both__ablation-full/prepared_cellchat.rds,25000,3,104003,accelerated,full,sparse_exact,auto
3CA_data__SmartSeq2__cells-50000__rep-1__engine-both__ablation-full__algorithm-sparse_exact,3CA_data__SmartSeq2,,/home/dzf/cellchat_acceleration/results/runs/checkpoints/3CA_data__SmartSeq2__cells-50000__rep-1__engine-both__ablation-full/prepared_cellchat.rds,50000,1,104001,accelerated,full,sparse_exact,auto
3CA_data__SmartSeq2__cells-50000__rep-2__engine-both__ablation-full__algorithm-sparse_exact,3CA_data__SmartSeq2,,/home/dzf/cellchat_acceleration/results/runs/checkpoints/3CA_data__SmartSeq2__cells-50000__rep-2__engine-both__ablation-full/prepared_cellchat.rds,50000,2,104002,accelerated,full,sparse_exact,auto
3CA_data__SmartSeq2__cells-50000__rep-3__engine-both__ablation-full__algorithm-sparse_exact,3CA_data__SmartSeq2,,/home/dzf/cellchat_acceleration/results/runs/checkpoints/3CA_data__SmartSeq2__cells-50000__rep-3__engine-both__ablation-full/prepared_cellchat.rds,50000,3,104003,accelerated,full,sparse_exact,auto
3CA_data__SmartSeq2__cells-5000__rep-1__engine-both__ablation-full__algorithm-sparse_exact,3CA_data__SmartSeq2,,/home/dzf/cellchat_acceleration/results/runs/checkpoints/3CA_data__SmartSeq2__cells-5000__rep-1__engine-both__ablation-full/prepared_cellchat.rds,5000,1,104001,accelerated,full,sparse_exact,auto
3CA_data__SmartSeq2__cells-5000__rep-2__engine-both__ablation-full__algorithm-sparse_exact,3CA_data__SmartSeq2,,/home/dzf/cellchat_acceleration/results/runs/checkpoints/3CA_data__SmartSeq2__cells-5000__rep-2__engine-both__ablation-full/prepared_cellchat.rds,5000,2,104002,accelerated,full,sparse_exact,auto
3CA_data__SmartSeq2__cells-5000__rep-3__engine-both__ablation-full__algorithm-sparse_exact,3CA_data__SmartSeq2,,/home/dzf/cellchat_acceleration/results/runs/checkpoints/3CA_data__SmartSeq2__cells-5000__rep-3__engine-both__ablation-full/prepared_cellchat.rds,5000,3,104003,accelerated,full,sparse_exact,auto
3CA_data__SmartSeq2__cells-all__rep-1__engine-both__ablation-full__algorithm-sparse_exact,3CA_data__SmartSeq2,,/home/dzf/cellchat_acceleration/results/runs/checkpoints/3CA_data__SmartSeq2__cells-all__rep-1__engine-both__ablation-full/prepared_cellchat.rds,all,1,104001,accelerated,full,sparse_exact,auto
3CA_data__SmartSeq2__cells-all__rep-2__engine-both__ablation-full__algorithm-sparse_exact,3CA_data__SmartSeq2,,/home/dzf/cellchat_acceleration/results/runs/checkpoints/3CA_data__SmartSeq2__cells-all__rep-2__engine-both__ablation-full/prepared_cellchat.rds,all,2,104002,accelerated,full,sparse_exact,auto
3CA_data__SmartSeq2__cells-all__rep-3__engine-both__ablation-full__algorithm-sparse_exact,3CA_data__SmartSeq2,,/home/dzf/cellchat_acceleration/results/runs/checkpoints/3CA_data__SmartSeq2__cells-all__rep-3__engine-both__ablation-full/prepared_cellchat.rds,all,3,104003,accelerated,full,sparse_exact,auto
normal_control__Sample5__cells-10000__rep-1__engine-both__ablation-full__algorithm-sparse_exact,normal_control__Sample5,,/home/dzf/cellchat_acceleration/results/runs/checkpoints/normal_control__Sample5__cells-10000__rep-1__engine-both__ablation-full/prepared_cellchat.rds,10000,1,111001,accelerated,full,sparse_exact,auto
normal_control__Sample5__cells-10000__rep-2__engine-both__ablation-full__algorithm-sparse_exact,normal_control__Sample5,,/home/dzf/cellchat_acceleration/results/runs/checkpoints/normal_control__Sample5__cells-10000__rep-2__engine-both__ablation-full/prepared_cellchat.rds,10000,2,111002,accelerated,full,sparse_exact,auto
normal_control__Sample5__cells-10000__rep-3__engine-both__ablation-full__algorithm-sparse_exact,normal_control__Sample5,,/home/dzf/cellchat_acceleration/results/runs/checkpoints/normal_control__Sample5__cells-10000__rep-3__engine-both__ablation-full/prepared_cellchat.rds,10000,3,111003,accelerated,full,sparse_exact,auto
normal_control__Sample5__cells-1000__rep-1__engine-both__ablation-full__algorithm-sparse_exact,normal_control__Sample5,,/home/dzf/cellchat_acceleration/results/runs/checkpoints/normal_control__Sample5__cells-1000__rep-1__engine-both__ablation-full/prepared_cellchat.rds,1000,1,111001,accelerated,full,sparse_exact,auto
normal_control__Sample5__cells-1000__rep-2__engine-both__ablation-full__algorithm-sparse_exact,normal_control__Sample5,,/home/dzf/cellchat_acceleration/results/runs/checkpoints/normal_control__Sample5__cells-1000__rep-2__engine-both__ablation-full/prepared_cellchat.rds,1000,2,111002,accelerated,full,sparse_exact,auto
normal_control__Sample5__cells-1000__rep-3__engine-both__ablation-full__algorithm-sparse_exact,normal_control__Sample5,,/home/dzf/cellchat_acceleration/results/runs/checkpoints/normal_control__Sample5__cells-1000__rep-3__engine-both__ablation-full/prepared_cellchat.rds,1000,3,111003,accelerated,full,sparse_exact,auto
normal_control__Sample5__cells-25000__rep-1__engine-both__ablation-full__algorithm-sparse_exact,normal_control__Sample5,,/home/dzf/cellchat_acceleration/results/runs/checkpoints/normal_control__Sample5__cells-25000__rep-1__engine-both__ablation-full/prepared_cellchat.rds,25000,1,111001,accelerated,full,sparse_exact,auto
normal_control__Sample5__cells-25000__rep-2__engine-both__ablation-full__algorithm-sparse_exact,normal_control__Sample5,,/home/dzf/cellchat_acceleration/results/runs/checkpoints/normal_control__Sample5__cells-25000__rep-2__engine-both__ablation-full/prepared_cellchat.rds,25000,2,111002,accelerated,full,sparse_exact,auto
normal_control__Sample5__cells-25000__rep-3__engine-both__ablation-full__algorithm-sparse_exact,normal_control__Sample5,,/home/dzf/cellchat_acceleration/results/runs/checkpoints/normal_control__Sample5__cells-25000__rep-3__engine-both__ablation-full/prepared_cellchat.rds,25000,3,111003,accelerated,full,sparse_exact,auto
normal_control__Sample5__cells-50000__rep-1__engine-both__ablation-full__algorithm-sparse_exact,normal_control__Sample5,,/home/dzf/cellchat_acceleration/results/runs/checkpoints/normal_control__Sample5__cells-50000__rep-1__engine-both__ablation-full/prepared_cellchat.rds,50000,1,111001,accelerated,full,sparse_exact,auto
normal_control__Sample5__cells-50000__rep-2__engine-both__ablation-full__algorithm-sparse_exact,normal_control__Sample5,,/home/dzf/cellchat_acceleration/results/runs/checkpoints/normal_control__Sample5__cells-50000__rep-2__engine-both__ablation-full/prepared_cellchat.rds,50000,2,111002,accelerated,full,sparse_exact,auto
normal_control__Sample5__cells-50000__rep-3__engine-both__ablation-full__algorithm-sparse_exact,normal_control__Sample5,,/home/dzf/cellchat_acceleration/results/runs/checkpoints/normal_control__Sample5__cells-50000__rep-3__engine-both__ablation-full/prepared_cellchat.rds,50000,3,111003,accelerated,full,sparse_exact,auto
normal_control__Sample5__cells-5000__rep-1__engine-both__ablation-full__algorithm-sparse_exact,normal_control__Sample5,,/home/dzf/cellchat_acceleration/results/runs/checkpoints/normal_control__Sample5__cells-5000__rep-1__engine-both__ablation-full/prepared_cellchat.rds,5000,1,111001,accelerated,full,sparse_exact,auto
normal_control__Sample5__cells-5000__rep-2__engine-both__ablation-full__algorithm-sparse_exact,normal_control__Sample5,,/home/dzf/cellchat_acceleration/results/runs/checkpoints/normal_control__Sample5__cells-5000__rep-2__engine-both__ablation-full/prepared_cellchat.rds,5000,2,111002,accelerated,full,sparse_exact,auto
normal_control__Sample5__cells-5000__rep-3__engine-both__ablation-full__algorithm-sparse_exact,normal_control__Sample5,,/home/dzf/cellchat_acceleration/results/runs/checkpoints/normal_control__Sample5__cells-5000__rep-3__engine-both__ablation-full/prepared_cellchat.rds,5000,3,111003,accelerated,full,sparse_exact,auto
normal_control__Sample5__cells-all__rep-1__engine-both__ablation-full__algorithm-sparse_exact,normal_control__Sample5,,/home/dzf/cellchat_acceleration/results/runs/checkpoints/normal_control__Sample5__cells-all__rep-1__engine-both__ablation-full/prepared_cellchat.rds,all,1,111001,accelerated,full,sparse_exact,auto
normal_control__Sample5__cells-all__rep-2__engine-both__ablation-full__algorithm-sparse_exact,normal_control__Sample5,,/home/dzf/cellchat_acceleration/results/runs/checkpoints/normal_control__Sample5__cells-all__rep-2__engine-both__ablation-full/prepared_cellchat.rds,all,2,111002,accelerated,full,sparse_exact,auto
normal_control__Sample5__cells-all__rep-3__engine-both__ablation-full__algorithm-sparse_exact,normal_control__Sample5,,/home/dzf/cellchat_acceleration/results/runs/checkpoints/normal_control__Sample5__cells-all__rep-3__engine-both__ablation-full/prepared_cellchat.rds,all,3,111003,accelerated,full,sparse_exact,auto
normal_control__Sample8__cells-10000__rep-1__engine-both__ablation-full__algorithm-sparse_exact,normal_control__Sample8,,/home/dzf/cellchat_acceleration/results/runs/checkpoints/normal_control__Sample8__cells-10000__rep-1__engine-both__ablation-full/prepared_cellchat.rds,10000,1,110001,accelerated,full,sparse_exact,auto
normal_control__Sample8__cells-10000__rep-2__engine-both__ablation-full__algorithm-sparse_exact,normal_control__Sample8,,/home/dzf/cellchat_acceleration/results/runs/checkpoints/normal_control__Sample8__cells-10000__rep-2__engine-both__ablation-full/prepared_cellchat.rds,10000,2,110002,accelerated,full,sparse_exact,auto
normal_control__Sample8__cells-10000__rep-3__engine-both__ablation-full__algorithm-sparse_exact,normal_control__Sample8,,/home/dzf/cellchat_acceleration/results/runs/checkpoints/normal_control__Sample8__cells-10000__rep-3__engine-both__ablation-full/prepared_cellchat.rds,10000,3,110003,accelerated,full,sparse_exact,auto
normal_control__Sample8__cells-1000__rep-1__engine-both__ablation-full__algorithm-sparse_exact,normal_control__Sample8,,/home/dzf/cellchat_acceleration/results/runs/checkpoints/normal_control__Sample8__cells-1000__rep-1__engine-both__ablation-full/prepared_cellchat.rds,1000,1,110001,accelerated,full,sparse_exact,auto
normal_control__Sample8__cells-1000__rep-2__engine-both__ablation-full__algorithm-sparse_exact,normal_control__Sample8,,/home/dzf/cellchat_acceleration/results/runs/checkpoints/normal_control__Sample8__cells-1000__rep-2__engine-both__ablation-full/prepared_cellchat.rds,1000,2,110002,accelerated,full,sparse_exact,auto
normal_control__Sample8__cells-1000__rep-3__engine-both__ablation-full__algorithm-sparse_exact,normal_control__Sample8,,/home/dzf/cellchat_acceleration/results/runs/checkpoints/normal_control__Sample8__cells-1000__rep-3__engine-both__ablation-full/prepared_cellchat.rds,1000,3,110003,accelerated,full,sparse_exact,auto
normal_control__Sample8__cells-25000__rep-1__engine-both__ablation-full__algorithm-sparse_exact,normal_control__Sample8,,/home/dzf/cellchat_acceleration/results/runs/checkpoints/normal_control__Sample8__cells-25000__rep-1__engine-both__ablation-full/prepared_cellchat.rds,25000,1,110001,accelerated,full,sparse_exact,auto
normal_control__Sample8__cells-25000__rep-2__engine-both__ablation-full__algorithm-sparse_exact,normal_control__Sample8,,/home/dzf/cellchat_acceleration/results/runs/checkpoints/normal_control__Sample8__cells-25000__rep-2__engine-both__ablation-full/prepared_cellchat.rds,25000,2,110002,accelerated,full,sparse_exact,auto
normal_control__Sample8__cells-25000__rep-3__engine-both__ablation-full__algorithm-sparse_exact,normal_control__Sample8,,/home/dzf/cellchat_acceleration/results/runs/checkpoints/normal_control__Sample8__cells-25000__rep-3__engine-both__ablation-full/prepared_cellchat.rds,25000,3,110003,accelerated,full,sparse_exact,auto
normal_control__Sample8__cells-50000__rep-1__engine-both__ablation-full__algorithm-sparse_exact,normal_control__Sample8,,/home/dzf/cellchat_acceleration/results/runs/checkpoints/normal_control__Sample8__cells-50000__rep-1__engine-both__ablation-full/prepared_cellchat.rds,50000,1,110001,accelerated,full,sparse_exact,auto
normal_control__Sample8__cells-50000__rep-2__engine-both__ablation-full__algorithm-sparse_exact,normal_control__Sample8,,/home/dzf/cellchat_acceleration/results/runs/checkpoints/normal_control__Sample8__cells-50000__rep-2__engine-both__ablation-full/prepared_cellchat.rds,50000,2,110002,accelerated,full,sparse_exact,auto
normal_control__Sample8__cells-50000__rep-3__engine-both__ablation-full__algorithm-sparse_exact,normal_control__Sample8,,/home/dzf/cellchat_acceleration/results/runs/checkpoints/normal_control__Sample8__cells-50000__rep-3__engine-both__ablation-full/prepared_cellchat.rds,50000,3,110003,accelerated,full,sparse_exact,auto
normal_control__Sample8__cells-5000__rep-1__engine-both__ablation-full__algorithm-sparse_exact,normal_control__Sample8,,/home/dzf/cellchat_acceleration/results/runs/checkpoints/normal_control__Sample8__cells-5000__rep-1__engine-both__ablation-full/prepared_cellchat.rds,5000,1,110001,accelerated,full,sparse_exact,auto
normal_control__Sample8__cells-5000__rep-2__engine-both__ablation-full__algorithm-sparse_exact,normal_control__Sample8,,/home/dzf/cellchat_acceleration/results/runs/checkpoints/normal_control__Sample8__cells-5000__rep-2__engine-both__ablation-full/prepared_cellchat.rds,5000,2,110002,accelerated,full,sparse_exact,auto
normal_control__Sample8__cells-5000__rep-3__engine-both__ablation-full__algorithm-sparse_exact,normal_control__Sample8,,/home/dzf/cellchat_acceleration/results/runs/checkpoints/normal_control__Sample8__cells-5000__rep-3__engine-both__ablation-full/prepared_cellchat.rds,5000,3,110003,accelerated,full,sparse_exact,auto
normal_control__Sample8__cells-all__rep-1__engine-both__ablation-full__algorithm-sparse_exact,normal_control__Sample8,,/home/dzf/cellchat_acceleration/results/runs/checkpoints/normal_control__Sample8__cells-all__rep-1__engine-both__ablation-full/prepared_cellchat.rds,all,1,110001,accelerated,full,sparse_exact,auto
normal_control__Sample8__cells-all__rep-2__engine-both__ablation-full__algorithm-sparse_exact,normal_control__Sample8,,/home/dzf/cellchat_acceleration/results/runs/checkpoints/normal_control__Sample8__cells-all__rep-2__engine-both__ablation-full/prepared_cellchat.rds,all,2,110002,accelerated,full,sparse_exact,auto
normal_control__Sample8__cells-all__rep-3__engine-both__ablation-full__algorithm-sparse_exact,normal_control__Sample8,,/home/dzf/cellchat_acceleration/results/runs/checkpoints/normal_control__Sample8__cells-all__rep-3__engine-both__ablation-full/prepared_cellchat.rds,all,3,110003,accelerated,full,sparse_exact,auto
